barcode,celltype
AAACAGCCAAATATCC-1,NK cell
AAACAGCCAGGAACTG-1,CD14+ Monocytes
AAACAGCCAGGCTTCG-1,CD14+ Monocytes
AAACCAACACCTGCTC-1,pre-B cell
AAACCAACAGATTCAT-1,CD8 effector
AAACCAACAGTTGCGT-1,CD4 Naive
AAACCAACATAACGGG-1,CD4 Memory
AAACCAACATAGACCC-1,CD14+ Monocytes
AAACCGCGTGAGGTAG-1,pre-B cell
AAACGCGCATACCCGG-1,CD14+ Monocytes
AAACGGATCCTAGTAA-1,CD4 Memory
AAACGTACAAATACCT-1,CD8 effector
AAAGCACCACCCACCT-1,CD4 Memory
AAAGCTTGTGTGTGGT-1,CD14+ Monocytes
AAAGGACGTATTGTGG-1,NK cell
AAAGGACGTCATCCTG-1,CD14+ Monocytes
AAAGGACGTTAAGCCA-1,CD14+ Monocytes
AAAGGACGTTCACCAT-1,B cell progenitor
AAAGGAGCACAAACTT-1,CD4 Memory
AAAGGAGCATAGCTGC-1,CD14+ Monocytes
AAAGGCTCACCGTTCC-1,CD4 Naive
AAAGGCTCACTTCACT-1,pre-B cell
AAAGGTTAGCAAGGGT-1,CD16+ Monocytes
AAAGGTTAGGGTGGAT-1,CD4 Naive
AAATCCGGTTAGCGTA-1,CD8 effector
AAATGCCTCCAGGAAA-1,CD14+ Monocytes
AAATGCCTCGCTAAAC-1,CD14+ Monocytes
AACAAAGGTAATGGAA-1,pDC
AACAAGCCAGGTTCAC-1,CD4 Memory
AACAGATAGAGGCTAA-1,CD4 Naive
AACAGATAGGGTCCAC-1,CD4 Memory
AACAGCAAGGAAGCTA-1,NK cell
AACAGGATCACTAGGT-1,CD4 Naive
AACAGGATCATCACTT-1,CD14+ Monocytes
AACAGGATCTACCTGC-1,NK cell
AACATAGCATAAAGCA-1,CD4 Memory
AACATCATCCGTTATT-1,CD14+ Monocytes
AACATCATCGAGGAAC-1,CD8 Naive
AACATCATCGGCTATG-1,B cell progenitor
AACCCGCAGTAACAGG-1,CD14+ Monocytes
AACCCGCAGTCACTAA-1,CD4 Memory
AACCGGCTCCGTAAAC-1,CD14+ Monocytes
AACCGGCTCGATCAGT-1,CD14+ Monocytes
AACCGGCTCGTTAGCG-1,CD8 Naive
AACCTCCTCCCTCACG-1,CD14+ Monocytes
AACCTTAAGGTCTTGG-1,CD8 Naive
AACCTTGCAATAATCC-1,CD4 Memory
AACCTTGCAGCCTGCA-1,CD14+ Monocytes
AACCTTGCAGGACCTT-1,Dendritic cell
AACGACAAGGACCGCT-1,CD14+ Monocytes
AACGCCCAGTTTGAGC-1,B cell progenitor
AACGGTAAGCTGCACA-1,CD4 Naive
AACTAGTGTAACCAGC-1,CD14+ Monocytes
AACTAGTGTCGTAATG-1,CD4 Naive
AACTAGTGTGTTGCTT-1,CD4 Naive
AACTCACAGCACTAAC-1,CD16+ Monocytes
AACTCACAGCTAATTG-1,CD4 Naive
AACTCACAGGAAGCAC-1,CD16+ Monocytes
AACTCACAGGCGGGTA-1,CD4 Naive
AACTCACAGGGCTAAA-1,CD14+ Monocytes
AACTGTTCAAGACTCC-1,CD14+ Monocytes
AACTGTTCAGCGCTTG-1,B cell progenitor
AACTTAGTCACTTCAT-1,CD8 effector
AACTTAGTCCATAATG-1,pre-B cell
AACTTAGTCGCGCTAA-1,CD4 Memory
AAGAACAGTATTCGTC-1,pre-B cell
AAGAATCAGGCTACAT-1,CD8 Naive
AAGACATAGTAAGGGC-1,CD14+ Monocytes
AAGACCAAGAGAGGAG-1,CD8 effector
AAGACCAAGTTGTCTT-1,CD14+ Monocytes
AAGCAAGTCATTGCAA-1,CD4 Naive
AAGCAAGTCGTTTCGC-1,CD14+ Monocytes
AAGCCTCCACAATGCC-1,CD8 Naive
AAGCCTCCACACTAAT-1,CD4 Memory
AAGCCTCCAGACAAAC-1,CD4 Memory
AAGCCTTAGGAATAAC-1,CD16+ Monocytes
AAGCCTTAGGCTAAGA-1,CD14+ Monocytes
AAGCGAATCATGCCTC-1,CD14+ Monocytes
AAGCGAGGTATCTGGA-1,B cell progenitor
AAGCGAGGTCGACTCC-1,CD8 Naive
AAGCGAGGTTACCGGG-1,B cell progenitor
AAGCGAGGTTGCACGG-1,CD14+ Monocytes
AAGCGCTGTATTGCAG-1,CD4 Memory
AAGCGTTTCATTGTCT-1,B cell progenitor
AAGCGTTTCCTGATTT-1,B cell progenitor
AAGCGTTTCGCACACA-1,CD14+ Monocytes
AAGCTAGAGATGGACA-1,CD4 Memory
AAGCTATGTTACTTGC-1,CD4 Memory
AAGCTATGTTTAACCC-1,pre-B cell
AAGCTCCCAGCAATAA-1,B cell progenitor
AAGCTTGGTCGCAATA-1,CD4 Naive
AAGGATCCAGTCTAGC-1,CD4 Memory
AAGGATGTCTCATCAT-1,CD4 Naive
AAGGATTAGTAGCGCC-1,CD14+ Monocytes
AAGGCCCTCTTGATGA-1,CD14+ Monocytes
AAGGTATAGTAGCGGG-1,CD8 effector
AAGGTCAAGAATGACG-1,CD4 Naive
AAGGTCAAGCACAGAA-1,CD4 Naive
AAGGTCAAGGTCCGTA-1,CD14+ Monocytes
AAGTAGCCACGGTTTA-1,CD14+ Monocytes
AAGTAGCCAGTTTGGC-1,CD4 Memory
AAGTGAAGTATGTGGC-1,CD14+ Monocytes
AAGTGTTGTGAGACTC-1,CD14+ Monocytes
AAGTGTTGTGCTCCGT-1,CD4 Memory
AAGTGTTGTTGAGGTC-1,Dendritic cell
AAGTGTTGTTTCGCCA-1,CD4 Memory
AAGTGTTGTTTGCAGA-1,CD14+ Monocytes
AAGTTACGTAGCTAGC-1,CD4 Memory
AAGTTAGCACCTCAGG-1,CD14+ Monocytes
AAGTTAGCACTAAGAA-1,CD8 Naive
AAGTTTGTCAAGGACA-1,CD4 Memory
AAGTTTGTCCAATTAG-1,CD8 Naive
AAGTTTGTCTAAGTGC-1,CD8 effector
AATACCGGTTCCATTA-1,CD8 effector
AATAGAGGTATTCGTC-1,CD4 Naive
AATAGAGGTGAGGTAG-1,CD14+ Monocytes
AATCAGGAGCGAAGTA-1,CD8 Naive
AATCATCCAATCCTGA-1,CD14+ Monocytes
AATCATGTCATTACTC-1,CD8 Naive
AATCCATCACCTCAGG-1,pre-B cell
AATCCCTGTGCAATAT-1,CD8 Naive
AATCCCTGTTAGCCAA-1,CD8 Naive
AATCCTAAGATGGAGC-1,CD14+ Monocytes
AATCCTAAGCGGGCAA-1,CD14+ Monocytes
AATCCTAAGTTGGATC-1,CD4 Naive
AATCGCCCACAGCCAT-1,CD4 Naive
AATCTCAAGCACTAGT-1,CD16+ Monocytes
AATGAAGGTAGGTTAT-1,CD14+ Monocytes
AATGCAACAAGGTATA-1,CD8 Naive
AATGCAACACACTAAT-1,CD14+ Monocytes
AATGCAACACCACAAC-1,CD4 Naive
AATGCATGTGTTTCAC-1,CD16+ Monocytes
AATGCGCGTACCGGAT-1,CD14+ Monocytes
AATGGCGCAAGCCACT-1,CD8 effector
AATGGCGCAGTCTATG-1,CD14+ Monocytes
AATGGCGCATCACTTC-1,CD4 Naive
AATGGCGCATTAGCGC-1,CD8 Naive
AATGGCGCATTAGGTT-1,CD14+ Monocytes
AATGTCCAGGTAACGA-1,CD16+ Monocytes
AATTACCCACCTGCCT-1,CD8 Naive
AATTAGGCATTTAAGC-1,CD16+ Monocytes
AATTCGTCACTTAGGC-1,pDC
AATTCGTCAGCAGGTA-1,CD4 Naive
AATTCGTCAGGCTAAG-1,CD4 Memory
AATTGCCAGGGCTTTG-1,CD16+ Monocytes
AATTGCCAGTACTGGT-1,CD4 Memory
AATTGGACATCGCTCC-1,CD8 effector
AATTGGGAGCCAGGTC-1,CD14+ Monocytes
AATTGTGTCCATCAGG-1,CD14+ Monocytes
AATTTGGTCCCGAAGC-1,CD8 Naive
ACAAACTGTTCATTTG-1,CD4 Naive
ACAAAGGTCCCTGTTA-1,CD4 Memory
ACAACACTCCTGAATA-1,B cell progenitor
ACAACAGAGGTCCTAG-1,CD4 Memory
ACACCTTGTACGTTTC-1,CD14+ Monocytes
ACACCTTGTCATCAAG-1,CD4 Memory
ACACCTTGTCCTAAGA-1,pre-B cell
ACACGGACAGGCGATA-1,CD4 Naive
ACACGGACATGGTTAT-1,CD8 Naive
ACACTAATCGCCTGTT-1,CD4 Naive
ACACTAATCGTTAGCG-1,NK cell
ACACTTAAGCGCTCAA-1,CD14+ Monocytes
ACACTTGCACTATGGC-1,pre-B cell
ACAGGAATCAAGCTAC-1,CD14+ Monocytes
ACAGGAATCAATGACC-1,CD14+ Monocytes
ACAGGAATCAATGTCA-1,CD4 Naive
ACAGGAATCCAGGTCA-1,CD14+ Monocytes
ACAGGATCAAAGGCCA-1,CD4 Memory
ACAGGATCAAGCCAGA-1,CD4 Memory
ACAGGATCACCTGCCT-1,CD8 effector
ACAGGCTGTCAATGTG-1,NK cell
ACATAGCTCATGACCG-1,CD4 Naive
ACATAGCTCTAGCGTG-1,CD14+ Monocytes
ACATCAATCACAGCCA-1,Dendritic cell
ACATCAATCTCAATTC-1,CD14+ Monocytes
ACATCATCACTATGGC-1,CD14+ Monocytes
ACATTGCAGGAATAAC-1,Dendritic cell
ACATTGCAGGCACAGG-1,CD4 Memory
ACCAAACTCTTGGACG-1,CD14+ Monocytes
ACCAAGCGTTGGCGTG-1,CD14+ Monocytes
ACCAATATCCCTGGTT-1,CD8 effector
ACCAATATCTATGACA-1,CD4 Memory
ACCACACCAAGTAAGC-1,CD14+ Monocytes
ACCACATAGCTGCACA-1,CD4 Naive
ACCACATAGGCTAAGA-1,CD4 Naive
ACCACATAGTTATCCT-1,CD14+ Monocytes
ACCAGCTCATGTCAGC-1,CD14+ Monocytes
ACCAGCTCATGTGGGA-1,Dendritic cell
ACCAGGCTCCAGCACA-1,CD8 effector
ACCAGGCTCCGGAACC-1,CD14+ Monocytes
ACCAGGGAGCGCTCAA-1,CD8 Naive
ACCAGGGAGGCCAATT-1,CD4 Memory
ACCAGGGAGTAACAGG-1,CD4 Naive
ACCATAATCGCAGGCT-1,CD8 effector
ACCATAATCTGGTCCT-1,CD4 Naive
ACCATAATCTTAGCGG-1,CD8 Naive
ACCATTAAGCAAGACA-1,CD4 Naive
ACCATTAAGGAGCAAC-1,CD4 Naive
ACCCAACCACCTGCTC-1,CD14+ Monocytes
ACCCAACCACTAGGTC-1,CD14+ Monocytes
ACCCAACCAGGTTCAC-1,CD14+ Monocytes
ACCCAGGGTACGATTG-1,CD14+ Monocytes
ACCCAGGGTGAACAAA-1,Dendritic cell
ACCCAGGGTGAATCGC-1,CD14+ Monocytes
ACCCAGGGTGCTCCAC-1,CD8 Naive
ACCCAGGGTTATTGCC-1,pDC
ACCCGCTGTTTAGCTC-1,CD8 Naive
ACCCGTAAGCAGCTAT-1,CD4 Memory
ACCGAAGCAAAGGCCA-1,CD4 Memory
ACCGAAGCACCTCGCT-1,CD8 effector
ACCGAAGCAGCCAGTT-1,CD16+ Monocytes
ACCGAAGCAGGCCAAA-1,CD8 Naive
ACCGAAGCAGTACCGT-1,CD4 Memory
ACCGCAATCATGTTTC-1,CD14+ Monocytes
ACCGGCTAGCCGCTAA-1,pre-B cell
ACCGGTTCAAGGTAAC-1,pre-B cell
ACCGGTTCACCTCAGG-1,CD4 Naive
ACCTAAATCAATCATG-1,NK cell
ACCTAAATCCAGGAAA-1,CD4 Memory
ACCTAAATCCTAAGGT-1,CD4 Naive
ACCTAAGGTGGAAGGC-1,CD14+ Monocytes
ACCTAAGGTTCACCAT-1,CD14+ Monocytes
ACCTACCTCTAACCTT-1,NK cell
ACCTCACTCCCGAAGC-1,CD8 Naive
ACCTCACTCTAGCTTT-1,CD4 Memory
ACCTCACTCTTGCTAT-1,CD14+ Monocytes
ACCTGTTGTAGGTTAT-1,pDC
ACCTGTTGTTAGGCGT-1,CD4 Memory
ACCTTCCAGGTGAGAC-1,CD8 Naive
ACCTTCCAGTAACGGA-1,CD4 Memory
ACCTTCCAGTCAATCA-1,CD8 Naive
ACCTTGCTCAGCTAAC-1,CD4 Memory
ACCTTGCTCCCTGGTT-1,B cell progenitor
ACCTTGTGTGTTGCTT-1,NK cell
ACGAACAAGGCCTGGT-1,CD8 Naive
ACGAACAAGGTGCGGA-1,CD16+ Monocytes
ACGAACAAGGTTAGCT-1,CD4 Memory
ACGAATCTCGGGCCAT-1,NK cell
ACGACTTAGCCAGTAT-1,CD8 Naive
ACGAGTAAGCACTAAC-1,CD16+ Monocytes
ACGAGTAAGGATAAAC-1,CD14+ Monocytes
ACGATTCAGAACCTGT-1,CD14+ Monocytes
ACGATTCAGCATTTCT-1,CD14+ Monocytes
ACGCAAGCATAATCGT-1,CD14+ Monocytes
ACGCACGGTACGGGTT-1,NK cell
ACGCACGGTTAATGAC-1,CD14+ Monocytes
ACGCACGGTTACGCAA-1,CD4 Memory
ACGCCTAAGGAAGCTA-1,CD8 Naive
ACGCCTAAGGCGGGTA-1,NK cell
ACGCCTAAGTATTGGC-1,CD14+ Monocytes
ACGCCTAAGTCTATGA-1,CD14+ Monocytes
ACGCCTAAGTGAGGGT-1,CD8 Naive
ACGCCTTTCATTTGCT-1,CD8 effector
ACGCTTGAGCTCATAA-1,CD14+ Monocytes
ACGCTTGAGGTCATTA-1,CD8 effector
ACGGGAAGTCGCATAA-1,CD8 Naive
ACGGGAAGTTCGGTAA-1,B cell progenitor
ACGGGAAGTTTGAGGC-1,CD4 Naive
ACGGTACGTCGCATAA-1,CD4 Memory
ACGGTTAGTGCATCGG-1,CD4 Naive
ACGGTTAGTGTGCAAC-1,CD8 Naive
ACGGTTTAGCCGCAGT-1,CD4 Memory
ACGTACCCAATGAAGC-1,CD4 Naive
ACGTCAAGTTAATGCG-1,Dendritic cell
ACGTCCAAGCAGCTAT-1,CD14+ Monocytes
ACGTCCTTCAAAGGCA-1,CD14+ Monocytes
ACGTCCTTCCTAATTC-1,CD8 Naive
ACGTCCTTCGCTAGAT-1,CD8 effector
ACGTTGTAGGCGCTAC-1,CD4 Memory
ACTAAAGCACAGAAAC-1,CD14+ Monocytes
ACTAACCAGCACAGAA-1,CD14+ Monocytes
ACTAACGGTTACGCGG-1,CD4 Memory
ACTAACTCAAGGTGCA-1,CD4 Naive
ACTAACTCAGAGGGAG-1,CD4 Memory
ACTAACTCAGGGAGGA-1,pre-B cell
ACTAATCCAGGTATTT-1,CD4 Memory
ACTAGGCGTACTGAAT-1,CD4 Memory
ACTATCCGTAGGATTT-1,CD14+ Monocytes
ACTATCCGTTCACTGT-1,CD4 Memory
ACTATGTCACCGGTAT-1,CD4 Naive
ACTATGTCACCTACTT-1,CD4 Memory
ACTATGTCAGTTTGTG-1,CD14+ Monocytes
ACTCAGTAGCTTAACA-1,CD4 Naive
ACTCAGTAGGAAGCAC-1,NK cell
ACTCAGTAGGCATGTT-1,CD14+ Monocytes
ACTCGCGCAAGGAATC-1,B cell progenitor
ACTCGCGCACCTACTT-1,CD14+ Monocytes
ACTCGCGCATAATCGT-1,CD16+ Monocytes
ACTCGCTTCATGAAGG-1,CD4 Memory
ACTGAAACATAAAGCA-1,CD4 Naive
ACTGAATGTCTATCGT-1,CD4 Memory
ACTTACAAGCAGCTAT-1,CD4 Naive
ACTTACAAGGCATGAA-1,CD14+ Monocytes
ACTTACTTCAGGGCCT-1,CD14+ Monocytes
ACTTACTTCATAGCCG-1,CD4 Memory
ACTTACTTCCTTCAAT-1,CD14+ Monocytes
ACTTACTTCTCCTCAA-1,CD14+ Monocytes
ACTTAGGGTAGGTTTG-1,CD8 Naive
ACTTAGGGTAGTAAGA-1,CD4 Memory
ACTTAGGGTAGTTGGC-1,CD4 Memory
ACTTATCTCAAGGACA-1,NK cell
ACTTATCTCTTACTCG-1,CD8 Naive
ACTTCGCTCCACCCTG-1,CD4 Memory
ACTTCGCTCGTAACGT-1,CD14+ Monocytes
ACTTCGCTCTAAGGTC-1,CD4 Naive
ACTTGAATCCAAGTTA-1,CD14+ Monocytes
ACTTGCACAACCTAAT-1,CD4 Naive
ACTTGTCGTACCGTAA-1,Double negative T cell
AGAAACCCATAATGTC-1,Double negative T cell
AGAAAGGCAATTAGCT-1,pre-B cell
AGAAAGGCATCCATCT-1,CD14+ Monocytes
AGAACAAGTAGCCTAA-1,CD4 Naive
AGAACAAGTCCTTCAG-1,CD4 Naive
AGAACCAAGCCGGTAC-1,CD14+ Monocytes
AGAACCAAGGACACTT-1,CD4 Memory
AGAACCAAGTAAGAAC-1,CD4 Naive
AGAACCGCACCTAATG-1,CD4 Memory
AGAAGGTGTAACGGGA-1,CD14+ Monocytes
AGAAGGTGTCGCGCAA-1,CD14+ Monocytes
AGAATCTGTACTAAAC-1,B cell progenitor
AGAATCTGTCGCAAAC-1,CD8 effector
AGACAATAGGCCTTAG-1,CD8 effector
AGACCCGGTAAGCACC-1,CD14+ Monocytes
AGACTATGTATGGTGC-1,CD8 Naive
AGAGAAGCATAGCTGC-1,CD8 effector
AGAGATTAGTCATGCG-1,CD14+ Monocytes
AGAGGAACACGAATCC-1,CD4 Memory
AGAGGAACACTTACAG-1,CD14+ Monocytes
AGAGGAACAGCTTAAT-1,CD4 Memory
AGAGGATGTCAGGAAG-1,CD14+ Monocytes
AGAGGATGTTAACAGT-1,CD14+ Monocytes
AGATGAAGTAATAACC-1,CD4 Memory
AGATGAAGTACGTTTC-1,CD14+ Monocytes
AGATGAAGTGTAACCA-1,CD14+ Monocytes
AGATGAAGTGTCCAAA-1,CD4 Memory
AGATGAAGTGTCCAGG-1,CD8 effector
AGATGAAGTTGGTTCT-1,CD4 Memory
AGATGCTTCCGTCCAT-1,NK cell
AGATGCTTCCTGGTGA-1,CD4 Naive
AGATGCTTCGTTCACC-1,CD14+ Monocytes
AGCAAATAGCCAGTAT-1,CD8 Naive
AGCAAATAGCTATATG-1,CD14+ Monocytes
AGCAAATAGGTGTTAC-1,CD8 Naive
AGCAATTGTAAAGCAA-1,CD14+ Monocytes
AGCAATTGTCAATAGT-1,CD4 Memory
AGCAATTGTGGGTACT-1,CD4 Memory
AGCACAGCAAGGGTTG-1,CD4 Naive
AGCACAGCATACTCCT-1,CD4 Naive
AGCACAGCATTCCTGT-1,CD4 Naive
AGCACTTAGGAACACA-1,CD14+ Monocytes
AGCACTTAGTTAGCCG-1,CD4 Memory
AGCAGGTAGACTTACA-1,CD14+ Monocytes
AGCATCCCAAATACCT-1,CD8 effector
AGCATTTCAGTAAGTA-1,CD8 Naive
AGCCAGTGTAATGACT-1,Dendritic cell
AGCCGCTAGTTATCCT-1,CD4 Memory
AGCCGGTTCCGGAACC-1,CD4 Memory
AGCCGGTTCCTTCTAG-1,pre-B cell
AGCCGGTTCTGCAACG-1,CD4 Naive
AGCCTAAGTGCTTACT-1,CD14+ Monocytes
AGCCTAGTCGTCCTTA-1,pDC
AGCCTAGTCTTTGACT-1,CD8 effector
AGCCTGGGTAACCAGC-1,CD4 Memory
AGCCTGGGTAGCTGGT-1,CD14+ Monocytes
AGCCTGGGTTAGTTGG-1,CD8 Naive
AGCGATTTCGTTCACC-1,CD14+ Monocytes
AGCGATTTCTGCAACG-1,CD8 effector
AGCGCCTAGCTTGCTC-1,CD14+ Monocytes
AGCGCTCAGGCTGGCT-1,CD14+ Monocytes
AGCGCTCAGGTCCTAG-1,CD8 effector
AGCGGACCAATCGCAC-1,CD4 Memory
AGCGGACCAGCTTAGC-1,CD4 Naive
AGCGGATAGTTACTTC-1,CD16+ Monocytes
AGCGTGCTCTAATCTC-1,CD4 Memory
AGCTAAACATTGTGAT-1,CD14+ Monocytes
AGCTAAACATTGTGGC-1,CD4 Naive
AGCTAACTCATGGTGT-1,CD4 Memory
AGCTACGTCCGCTAGA-1,CD4 Memory
AGCTACGTCCGTAAAC-1,pDC
AGCTAGTTCCGTTATT-1,CD16+ Monocytes
AGCTATATCATGGTTA-1,CD4 Memory
AGCTATATCGCACAAT-1,CD14+ Monocytes
AGCTATATCGGCCAGT-1,CD14+ Monocytes
AGCTATATCGTCAAGT-1,CD4 Memory
AGCTGCTCATGAAATG-1,CD14+ Monocytes
AGCTTCCTCAATGAGG-1,CD14+ Monocytes
AGCTTGGTCAATGACC-1,CD14+ Monocytes
AGCTTGGTCTAATTGG-1,CD16+ Monocytes
AGCTTTAAGTAGGATG-1,CD4 Naive
AGGAAACGTCAAACTG-1,CD8 effector
AGGAAACGTGGTTATG-1,CD14+ Monocytes
AGGAACGGTTGGTTCT-1,CD14+ Monocytes
AGGACTAAGCGATAAG-1,CD14+ Monocytes
AGGACTAAGGCGGATG-1,CD14+ Monocytes
AGGACTAAGTTGCCTC-1,CD16+ Monocytes
AGGAGCTAGAACCTGT-1,CD14+ Monocytes
AGGAGCTAGATGGAGC-1,CD4 Naive
AGGATCCGTCGTAAAT-1,CD4 Memory
AGGATCCGTTGTCCAT-1,CD8 effector
AGGATGCAGATAACCC-1,CD4 Memory
AGGATGCAGGCTAATC-1,CD14+ Monocytes
AGGATGTCAAGCTTTG-1,CD8 Naive
AGGATGTCAGCAAATA-1,CD14+ Monocytes
AGGATTGAGAGGAGTC-1,CD4 Memory
AGGATTGAGGCTATGT-1,CD8 Naive
AGGCAATCAATACTGT-1,CD4 Naive
AGGCAATCATGAGTTT-1,CD4 Memory
AGGCAGGTCAGCAAGA-1,CD4 Naive
AGGCGGATCGCTAGTG-1,CD4 Naive
AGGCTAAAGTAACTCA-1,CD4 Naive
AGGCTAAAGTATTGTG-1,CD4 Memory
AGGCTAAAGTCTATGA-1,CD4 Memory
AGGCTAGCACAATACT-1,pre-B cell
AGGCTAGCACCTGTAA-1,CD8 Naive
AGGCTAGCACGTAATT-1,CD8 effector
AGGCTAGCAGGCCAAA-1,CD4 Naive
AGGGCCTTCACGCATG-1,CD4 Naive
AGGGCCTTCAGGAAGC-1,CD4 Naive
AGGGCCTTCCGTGACA-1,CD14+ Monocytes
AGGGCTACAGAATGAC-1,CD14+ Monocytes
AGGGTTGCAACTGGCT-1,CD4 Naive
AGGGTTGCATGAATAG-1,CD4 Naive
AGGTAACCAGGCTAGA-1,CD4 Memory
AGGTACGCAGCCAGAA-1,Dendritic cell
AGGTACGCATAAGCAA-1,CD8 effector
AGGTATTGTGCTAGCG-1,NK cell
AGGTCAAAGGCAAGTA-1,CD14+ Monocytes
AGGTCATTCAAACCGT-1,CD4 Memory
AGGTCATTCAAGCTAC-1,pre-B cell
AGGTCATTCTTGCAAA-1,CD8 Naive
AGGTCCGGTAACCAGC-1,CD14+ Monocytes
AGGTCCGGTTAGCGTA-1,CD4 Memory
AGGTCTTAGCAAGGGT-1,CD16+ Monocytes
AGGTCTTAGCAGCTCA-1,CD8 effector
AGGTCTTAGTGGACAA-1,CD14+ Monocytes
AGGTGAATCTAATCTC-1,CD14+ Monocytes
AGGTGAGGTCATAACG-1,CD14+ Monocytes
AGGTTAACAGCAAGTG-1,pre-B cell
AGGTTAACAGGTCCTG-1,CD8 Naive
AGGTTAACATGAGCAG-1,CD8 Naive
AGGTTAGAGTTCCCGT-1,CD4 Memory
AGGTTTATCACTCAAA-1,CD14+ Monocytes
AGGTTTATCTTAGTCT-1,CD14+ Monocytes
AGTAAACAGCAATAGG-1,CD16+ Monocytes
AGTAAACAGCAGGTTT-1,CD14+ Monocytes
AGTAACACAGCTTAAT-1,CD14+ Monocytes
AGTAACACATCGCTTT-1,CD4 Memory
AGTAACCTCTTTGACT-1,CD14+ Monocytes
AGTAACGAGACACCGC-1,CD14+ Monocytes
AGTAACGAGAGAGCCG-1,CD14+ Monocytes
AGTAACGAGATAAAGC-1,B cell progenitor
AGTAACGAGCGCCTTT-1,CD16+ Monocytes
AGTAATGCAACCTGGT-1,CD4 Memory
AGTACGCGTTAACGAT-1,CD4 Memory
AGTACGCGTTGTAACG-1,CD8 effector
AGTAGCTTCATAGACC-1,CD14+ Monocytes
AGTAGCTTCTCCATAT-1,CD4 Naive
AGTAGCTTCTGTGAGT-1,CD14+ Monocytes
AGTATAGCATTATGAC-1,CD14+ Monocytes
AGTCAAGAGACAACAG-1,CD4 Naive
AGTCAAGAGGCAGGTG-1,CD14+ Monocytes
AGTCAAGAGGGCCACT-1,CD4 Naive
AGTCAAGAGTCATTAG-1,pre-B cell
AGTCAATGTGCTCACC-1,CD14+ Monocytes
AGTCCTGAGCCTGGTA-1,CD14+ Monocytes
AGTCCTTGTCCTAATC-1,pre-B cell
AGTCGCATCATGCTAA-1,CD14+ Monocytes
AGTCTTGCAATTATGC-1,CD8 effector
AGTCTTGCACAAAGAC-1,CD16+ Monocytes
AGTCTTGCATTGTGGC-1,CD8 Naive
AGTGAGTCAGCACGTT-1,CD8 Naive
AGTGAGTCAGTACCGT-1,CD4 Naive
AGTGAGTCATGTTGGC-1,CD14+ Monocytes
AGTGAGTCATTAAAGG-1,CD14+ Monocytes
AGTGCCGGTGGTTATG-1,CD4 Naive
AGTGGACAGCTTACTT-1,CD4 Naive
AGTGGACAGGCGAATA-1,CD4 Memory
AGTGGACAGTCACGAT-1,pDC
AGTGTGGCATGCATAT-1,CD8 Naive
AGTGTGGCATTGACAT-1,CD4 Naive
AGTGTTTCAACAGGTG-1,CD4 Memory
AGTGTTTCAGGGAGGA-1,CD14+ Monocytes
AGTTACTCAATGCCTA-1,CD4 Naive
AGTTACTCACTTCATC-1,CD4 Memory
AGTTATGTCCCTGTTA-1,CD4 Memory
AGTTATGTCCTCACAC-1,CD4 Memory
AGTTGCAGTAGCCTAA-1,CD8 Naive
AGTTGCAGTAGGTTTG-1,CD14+ Monocytes
AGTTGCAGTCTTGCAT-1,CD14+ Monocytes
AGTTGCAGTGAGGTAG-1,CD8 Naive
AGTTGCGTCCAACTGG-1,CD4 Memory
AGTTGGCGTACAAAGA-1,CD16+ Monocytes
AGTTGGCGTATCTGGA-1,Dendritic cell
AGTTGGCGTGACATAT-1,CD14+ Monocytes
AGTTGGCGTTAGTTGG-1,CD4 Memory
AGTTGTCAGATGGACA-1,CD4 Memory
AGTTGTCAGTAAACCC-1,CD16+ Monocytes
AGTTTGCAGCTATATG-1,B cell progenitor
ATAACGACAATTATGC-1,CD4 Naive
ATAACGACACATTAAC-1,CD4 Naive
ATAAGCCTCTAGCTTT-1,CD4 Memory
ATAAGCCTCTATCGCC-1,CD14+ Monocytes
ATAAGTCGTGAGGTAG-1,CD14+ Monocytes
ATAAGTCGTTCCTCCT-1,CD14+ Monocytes
ATAAGTCGTTCGGGAT-1,CD8 Naive
ATACCGGTCACGAATC-1,CD14+ Monocytes
ATACCTGCAATCCTGA-1,CD4 Naive
ATACCTGCAATTAGGA-1,CD4 Memory
ATAGATGCACTTACAG-1,CD4 Memory
ATAGATGCATTTGCTC-1,CD8 effector
ATAGCATGTAACCACA-1,Dendritic cell
ATAGGTACACTGGCCA-1,CD14+ Monocytes
ATATAGGCAGAAACGT-1,B cell progenitor
ATATGCATCAGCTAAC-1,CD8 Naive
ATATGCATCCGCATGA-1,CD4 Naive
ATATGCATCGCAATCG-1,CD4 Memory
ATATGCTCAAGGACCA-1,CD4 Naive
ATATGCTCAATAGCAA-1,CD8 effector
ATATGCTCACGAACAG-1,CD14+ Monocytes
ATCAAGACACTGACCG-1,Dendritic cell
ATCAAGACAGGAACCA-1,CD16+ Monocytes
ATCAAGCTCCTTCTAG-1,CD8 effector
ATCAAGCTCGGTCATG-1,pDC
ATCAATCCAAACCTTG-1,CD16+ Monocytes
ATCAATCCAAGCTTTG-1,CD4 Memory
ATCAATCCAGTAAGTA-1,CD14+ Monocytes
ATCACAATCTACCTCA-1,CD4 Memory
ATCACAATCTCCATAT-1,Double negative T cell
ATCACACAGGCCGGAA-1,CD4 Memory
ATCACCCTCCTAACGG-1,CD4 Naive
ATCACCCTCTATTGTC-1,CD14+ Monocytes
ATCACTAAGATGGACA-1,pre-B cell
ATCACTAAGCTCAAAC-1,CD4 Memory
ATCAGGTTCACTTCAT-1,CD4 Memory
ATCAGGTTCATTTGTC-1,CD8 Naive
ATCAGGTTCCCTGTTA-1,CD16+ Monocytes
ATCATCAAGCCAGTAT-1,NK cell
ATCATCAAGGGCCACT-1,CD14+ Monocytes
ATCCAACAGCGGCTGT-1,CD4 Naive
ATCCACCTCAGAAACG-1,CD4 Naive
ATCCACCTCGTCAAGT-1,B cell progenitor
ATCCGTGAGACTCGCA-1,CD4 Memory
ATCCGTGAGGTCATTA-1,B cell progenitor
ATCCTCATCTGGTCCT-1,CD14+ Monocytes
ATCCTCATCTGTGAGT-1,pre-B cell
ATCCTGACAATGCGCT-1,CD4 Memory
ATCCTGACATGTCAAT-1,CD4 Memory
ATCCTTAGTGTCACGG-1,CD16+ Monocytes
ATCGAGGCAACAGGAT-1,CD8 Naive
ATCGGCCAGGTTTGCG-1,CD4 Naive
ATCTATGAGCAAACCT-1,CD8 Naive
ATCTTTGGTTGTTGGA-1,CD8 effector
ATGAAGCCAGCACCAT-1,CD8 effector
ATGAAGTAGTAACCAC-1,CD4 Naive
ATGAATGCAAGGTAAC-1,CD14+ Monocytes
ATGACAACACTATGGC-1,CD8 Naive
ATGACAACAGCTCATA-1,CD14+ Monocytes
ATGACCAGTTACTTGC-1,pDC
ATGACTCAGCACGTTG-1,CD16+ Monocytes
ATGAGCCGTTTCGCGC-1,CD4 Naive
ATGATGGAGCTTCTCA-1,CD14+ Monocytes
ATGCAGGCAAAGGTAC-1,CD4 Naive
ATGCATTCAAGTAAGC-1,NK cell
ATGCATTCACCGGCTA-1,CD14+ Monocytes
ATGCGATTCATGACCG-1,CD4 Memory
ATGCTTAAGCAACATC-1,CD8 effector
ATGCTTAAGGACCAGG-1,CD4 Memory
ATGCTTAAGGTCTTGG-1,CD16+ Monocytes
ATGGCCCAGACAAACG-1,CD8 effector
ATGGCTAGTGTGAGAG-1,CD8 Naive
ATGGCTAGTTTGCGCC-1,CD4 Naive
ATGGCTTAGCCGCAAC-1,CD16+ Monocytes
ATGGCTTAGCTCAAAC-1,NK cell
ATGGTCTAGCGAGCGA-1,CD4 Memory
ATGGTGCGTTACCTGT-1,CD4 Memory
ATGGTGCGTTGGTTAG-1,CD14+ Monocytes
ATGGTTATCTCCATGC-1,CD16+ Monocytes
ATGTAACGTTTAGCTC-1,CD8 Naive
ATGTAAGCACCAACCG-1,CD4 Memory
ATGTAAGCAGAGAGCC-1,CD4 Naive
ATGTAAGCAGCTTAGC-1,CD8 Naive
ATGTAAGCATTAGCGC-1,CD4 Naive
ATGTAAGCATTGTGAT-1,Dendritic cell
ATGTCAATCTACCTGC-1,CD14+ Monocytes
ATGTCAATCTTGTCTG-1,CD4 Memory
ATGTCATCAAGGTCCT-1,CD4 Naive
ATGTCATCACCTATAG-1,CD4 Naive
ATGTCCACATAAGTTC-1,CD4 Naive
ATGTTCAAGACTTATG-1,CD14+ Monocytes
ATGTTGTCAGCAACAG-1,CD4 Memory
ATGTTTGAGCCGCTAA-1,CD16+ Monocytes
ATTAACCCAAACAACA-1,CD4 Memory
ATTAACCCACAACAGG-1,CD14+ Monocytes
ATTAACCCATTGTCAG-1,pDC
ATTACCCGTGGAGCAA-1,CD4 Naive
ATTACCCGTTTACCGT-1,B cell progenitor
ATTACCGCATCATGTG-1,CD4 Naive
ATTACGTCATTAAAGG-1,CD4 Naive
ATTAGCTCAGCAGGTA-1,CD14+ Monocytes
ATTAGCTCATAATCGT-1,CD14+ Monocytes
ATTAGGTGTCTCAGCC-1,CD4 Memory
ATTCAACCACTAGCGT-1,CD14+ Monocytes
ATTCAACCAGGAACAT-1,CD8 effector
ATTCACTTCCTAACGG-1,CD14+ Monocytes
ATTCACTTCGGTAACT-1,CD4 Memory
ATTCCGGAGCTACTGG-1,CD4 Memory
ATTCCTAGTATTGTGG-1,CD14+ Monocytes
ATTCCTAGTCATAACG-1,CD4 Memory
ATTCCTAGTGCTGTAA-1,CD14+ Monocytes
ATTCCTAGTTGTTGGA-1,CD8 effector
ATTCCTCCAAGGTGGC-1,CD14+ Monocytes
ATTCGTTTCCAGGAAA-1,CD8 effector
ATTGAAGCAATAATCC-1,CD14+ Monocytes
ATTGACTCAATCCTGA-1,CD4 Memory
ATTGACTCACTTAGGC-1,CD4 Memory
ATTGACTCATCAGTAT-1,CD4 Naive
ATTGCACAGCCTGTTC-1,CD14+ Monocytes
ATTGCACAGTTAGAGG-1,CD4 Naive
ATTGCAGGTACTGATG-1,CD8 effector
ATTGCAGGTGGGTACT-1,CD14+ Monocytes
ATTGCGCCAAATGCCC-1,B cell progenitor
ATTGCTCGTAAGGTCC-1,CD14+ Monocytes
ATTGCTCGTACGCGCA-1,CD4 Memory
ATTGGCTAGTAAGTCC-1,CD8 Naive
ATTGTGATCAATTACG-1,CD8 Naive
ATTGTGATCATGCTCC-1,CD4 Memory
ATTGTGATCGGTCATG-1,CD4 Naive
ATTTAGCCAATCCCTT-1,CD8 Naive
ATTTAGCCAGGGAGGA-1,CD4 Naive
ATTTGCAAGAGAAGGG-1,CD4 Memory
ATTTGCAAGGATTGCT-1,CD14+ Monocytes
ATTTGCGCAGTTTGGC-1,CD4 Memory
ATTTGTGAGTTGTCAA-1,CD4 Memory
CAAACACTCCACCCTG-1,CD8 Naive
CAAACACTCGTAACGT-1,CD14+ Monocytes
CAAACATGTACTTAGG-1,CD14+ Monocytes
CAAACCGTCAAGTGTC-1,CD4 Naive
CAAACCGTCATGAAGG-1,CD8 Naive
CAAACGCGTGGATTAT-1,CD8 Naive
CAAACGCGTTATCGAG-1,CD14+ Monocytes
CAAACGCGTTTGGCTT-1,CD14+ Monocytes
CAAACTGGTCCCGGAA-1,CD4 Naive
CAAAGCGCAGCCAGTT-1,CD14+ Monocytes
CAAAGCGCATACCCGG-1,CD14+ Monocytes
CAAAGTGAGTAGGATG-1,pre-B cell
CAAATCATCAGCAAGA-1,CD8 effector
CAAATCATCTATGACA-1,CD14+ Monocytes
CAACAATGTCATGCAA-1,CD14+ Monocytes
CAACAGGCAGCATGGA-1,pre-B cell
CAACCCGCACGCAACT-1,NK cell
CAACCCGCATAATGTC-1,CD16+ Monocytes
CAACCCGCATTCCTCG-1,B cell progenitor
CAACTAATCCTTCGTA-1,CD14+ Monocytes
CAACTAGGTGCTTAGA-1,pre-B cell
CAAGAACCAGCTAACC-1,CD14+ Monocytes
CAAGACAAGCACAGCC-1,CD14+ Monocytes
CAAGACAAGGTATTGC-1,CD4 Memory
CAAGGCTGTACCGGAT-1,CD8 effector
CAAGGCTGTGAACAAA-1,CD4 Memory
CAAGGGAGTAACGAGG-1,CD8 Naive
CAAGGGAGTCTCAGCC-1,CD8 effector
CAAGGGAGTGATCAGC-1,B cell progenitor
CAAGGGAGTTGCAGTA-1,CD4 Memory
CAAGGTAAGTCATTGA-1,CD8 Naive
CAAGGTAAGTGACCTG-1,CD14+ Monocytes
CAAGGTTTCAGTTCCC-1,pre-B cell
CAAGGTTTCATTACAG-1,CD8 Naive
CAAGGTTTCCCTGACT-1,CD4 Memory
CAAGGTTTCCGCCTAT-1,CD14+ Monocytes
CAAGTAACAGGCGAGT-1,CD4 Naive
CAAGTATGTCGTTATC-1,CD14+ Monocytes
CAAGTATGTGTTAAAC-1,CD4 Naive
CAAGTGAAGCGCAATT-1,CD4 Naive
CAAGTGAAGTTCCTGC-1,CD14+ Monocytes
CAAGTTATCACCTGCT-1,Dendritic cell
CAAGTTATCGCTAGCA-1,CD14+ Monocytes
CAATAAGCAATGCCCG-1,CD16+ Monocytes
CAATAAGCACATACTG-1,CD4 Memory
CAATAAGCACTAGCGT-1,CD4 Naive
CAATAAGCAGCCTTGG-1,CD4 Memory
CAATAAGCAGGTATTT-1,CD4 Naive
CAATAGCTCATAGCCG-1,CD4 Naive
CAATATGTCAAACCTA-1,NK cell
CAATCCCTCACATTGA-1,CD14+ Monocytes
CAATCCCTCCCGCCTA-1,CD14+ Monocytes
CAATCCTGTGCTGTAA-1,CD14+ Monocytes
CAATCGCCACTTCACT-1,CD4 Memory
CAATCGCCATTGTCCT-1,CD14+ Monocytes
CAATCTAAGCTTCCCG-1,CD4 Naive
CAATCTAAGTTTGGGT-1,CD4 Naive
CAATGAACAAGCTAAA-1,NK cell
CAATGAACATAATCCG-1,CD4 Memory
CAATGAACATTTGCTC-1,CD4 Memory
CAATGACTCAAATCGC-1,CD8 Naive
CAATGACTCCGGTTAG-1,pre-B cell
CAATGACTCGAGCAAA-1,CD4 Naive
CAATGTCAGGAACACA-1,CD14+ Monocytes
CAATGTCAGGCAACAA-1,CD4 Naive
CAATGTCAGGGCCATC-1,CD14+ Monocytes
CAATGTCAGTAGGATG-1,CD14+ Monocytes
CACAAGCGTGATTACG-1,CD4 Memory
CACAAGCGTGTTCCCA-1,CD14+ Monocytes
CACAATATCAATTACG-1,CD4 Naive
CACAGGCTCATCCACC-1,CD14+ Monocytes
CACAGGCTCTATCGCC-1,CD4 Memory
CACAGGCTCTTAGCGG-1,CD4 Naive
CACAGGGAGGAACGGT-1,CD14+ Monocytes
CACAGGGAGGCAACAA-1,CD8 Naive
CACAGGGAGTTATGTG-1,CD14+ Monocytes
CACCAACCAATTGCGC-1,CD14+ Monocytes
CACCAACCAGCATTAT-1,CD8 Naive
CACCGGTAGTGAACGA-1,CD4 Naive
CACCTCAGTCCGGTTC-1,pre-B cell
CACCTCAGTTTGGGCG-1,CD4 Naive
CACCTGTTCACTCGCT-1,CD8 effector
CACCTGTTCCAACTGG-1,CD4 Memory
CACCTGTTCTGCAACG-1,CD14+ Monocytes
CACGCAATCGATATTG-1,CD4 Memory
CACGCTAAGGTCCTGA-1,NK cell
CACTAAGGTGGAGCAA-1,CD4 Memory
CACTAGCCAATAATCC-1,CD14+ Monocytes
CACTAGCCATAAAGCA-1,CD4 Naive
CACTGACCAATTTAGC-1,CD16+ Monocytes
CACTTAAAGTCATTTC-1,CD14+ Monocytes
CACTTTGTCAGCTAAC-1,CD16+ Monocytes
CAGAACCGTCACAGCG-1,CD4 Memory
CAGAACCGTGCTTAGA-1,CD14+ Monocytes
CAGAATCTCAAGCTTA-1,CD4 Naive
CAGAATCTCGCTTCTA-1,CD4 Naive
CAGATTCAGCGGGCAA-1,NK cell
CAGATTCAGGAGTAAT-1,CD14+ Monocytes
CAGCAAGCACTTAGGC-1,CD14+ Monocytes
CAGCATGTCTACCTAT-1,CD4 Memory
CAGCATTAGTCGCTAG-1,CD4 Naive
CAGCCAATCATTGTTC-1,CD14+ Monocytes
CAGCCAATCCTGCGAA-1,CD4 Naive
CAGCCTAAGCCTGTGA-1,CD4 Memory
CAGCCTAAGGTCCACA-1,CD4 Naive
CAGCCTTTCTAATCCT-1,CD16+ Monocytes
CAGCTAAGTCCAAGAC-1,CD4 Naive
CAGCTAAGTTGAAGCC-1,CD14+ Monocytes
CAGCTCAAGAGGAGGA-1,CD8 effector
CAGCTCAAGCTCGCTT-1,CD14+ Monocytes
CAGGAAGGTCCTTCTC-1,CD14+ Monocytes
CAGGAAGGTCGAAGTC-1,CD8 effector
CAGGAAGGTTCAAGCA-1,pre-B cell
CAGGACACAAAGGCCA-1,CD14+ Monocytes
CAGGACACATTTAAGC-1,CD8 effector
CAGGACCTCCGTCCAT-1,CD14+ Monocytes
CAGGCTATCCGCAAGC-1,CD4 Memory
CAGGGTGAGCATGTCG-1,NK cell
CAGGGTGAGTGAGAGC-1,CD14+ Monocytes
CAGGTCCAGAGAGCCG-1,pre-B cell
CAGGTCCAGGTCGAGG-1,CD14+ Monocytes
CAGGTGGAGCAGCTCA-1,CD4 Naive
CAGGTGGAGGAGGCAT-1,CD14+ Monocytes
CAGGTGGAGGATTTGC-1,NK cell
CAGGTTTAGTATTGTG-1,CD8 Naive
CATAAGCTCATTACAG-1,pre-B cell
CATAAGCTCTACTAAG-1,CD8 Naive
CATAGACTCATGAGCT-1,CD8 effector
CATAGACTCCATTACT-1,CD8 effector
CATAGACTCCTACCTA-1,CD4 Naive
CATAGCTAGCTATTAG-1,CD14+ Monocytes
CATAGCTAGGAGGACT-1,CD14+ Monocytes
CATAGGCGTCATCCTG-1,CD14+ Monocytes
CATAGGCGTCCGGTTC-1,CD8 effector
CATAGGCGTCCGTGAG-1,CD14+ Monocytes
CATAGGCGTTACTTCA-1,CD4 Memory
CATAGGTTCTGTTGCC-1,CD4 Naive
CATAGTCAGCTCAAAC-1,CD16+ Monocytes
CATAGTCAGGAGGTTA-1,CD16+ Monocytes
CATATCGCAAATTCGT-1,CD14+ Monocytes
CATATCGCACTAAGTT-1,CD14+ Monocytes
CATATCGCACTTCATC-1,NK cell
CATATCGCAGTAATAG-1,CD8 Naive
CATCAATCAGCCTTGG-1,CD8 Naive
CATCACACAACAGGAT-1,CD14+ Monocytes
CATCACACATGCTCCC-1,NK cell
CATCAGCCAACAGGAT-1,CD16+ Monocytes
CATCATAAGTACTGGT-1,B cell progenitor
CATCATAAGTAGCCAT-1,CD14+ Monocytes
CATCATGCACTGACCG-1,CD14+ Monocytes
CATCATGCACTTCATC-1,CD4 Memory
CATCATGCATGCTCCC-1,NK cell
CATCCTCAGACTTATG-1,CD4 Memory
CATCCTCAGAGCCGGA-1,CD14+ Monocytes
CATCCTGGTACGGGTT-1,CD14+ Monocytes
CATCCTGGTATTCGCT-1,CD14+ Monocytes
CATCCTGGTCACGAAC-1,CD4 Memory
CATCCTGGTTACTTGC-1,CD8 Naive
CATCCTTCAAGCCAGA-1,CD8 Naive
CATCCTTCACCCACAG-1,CD14+ Monocytes
CATCGCTTCTTAGTCT-1,CD14+ Monocytes
CATGCAAGTAGGTGTC-1,B cell progenitor
CATGCATAGGGTGGAT-1,CD8 Naive
CATGCGCAGGAGTCGG-1,CD16+ Monocytes
CATGCGCAGGCGCTTA-1,CD14+ Monocytes
CATGGATTCAAGCTTA-1,B cell progenitor
CATGGATTCATAACCA-1,CD4 Naive
CATGGATTCCCTCATA-1,CD4 Memory
CATTATCTCAATCTCT-1,B cell progenitor
CATTATCTCAGTTCCC-1,CD4 Naive
CATTATCTCGTTAGCG-1,CD4 Memory
CATTCATTCGCATTAA-1,CD14+ Monocytes
CATTCCTCACACAATT-1,CD4 Naive
CATTGCGAGCATGTCG-1,CD14+ Monocytes
CATTGCGAGTAACGGA-1,CD14+ Monocytes
CATTGTAAGGACCGCT-1,CD4 Memory
CATTGTAAGGCAGGTG-1,CD14+ Monocytes
CATTGTAAGTAACGGA-1,CD8 effector
CATTTGTTCTAAGTGC-1,NK cell
CCAAACCCAAACGCGA-1,CD4 Memory
CCAAACCCAATATACC-1,CD4 Naive
CCAAACCCACCTGTAA-1,CD4 Memory
CCAAACCCATAGACTT-1,CD4 Memory
CCAAACTAGACAAGTG-1,CD14+ Monocytes
CCAAACTAGGGTTAGA-1,CD8 effector
CCAAATCAGATAACCC-1,CD14+ Monocytes
CCAAATCAGGTCCGTA-1,CD8 effector
CCAACATAGCACCACA-1,CD14+ Monocytes
CCAACATAGGCCCAGT-1,CD4 Naive
CCAACCAAGCGCTAAT-1,CD14+ Monocytes
CCAACCAAGTCGCTAG-1,CD14+ Monocytes
CCAACCCGTGCAATGC-1,CD4 Naive
CCAACCCGTGTGAGGA-1,CD4 Naive
CCAAGGCTCCATTACT-1,CD14+ Monocytes
CCAAGGCTCGCGCTAA-1,CD4 Memory
CCAAGTTAGTAACCAC-1,CD14+ Monocytes
CCACAATAGCCTGAGC-1,CD14+ Monocytes
CCACACAAGAGGCTAA-1,CD4 Naive
CCACAGGGTTAGCGTA-1,B cell progenitor
CCACATTGTATGTGGC-1,CD14+ Monocytes
CCACATTGTCAATAGT-1,CD14+ Monocytes
CCACTTGGTGGTTCTT-1,CD4 Memory
CCACTTGGTTTACCGT-1,CD4 Naive
CCAGACTCAGTAGGTG-1,CD4 Memory
CCAGACTCAGTTATCG-1,CD4 Naive
CCAGACTCATAGCGGA-1,CD4 Naive
CCAGACTCATTGCGAC-1,CD14+ Monocytes
CCAGCCTGTAGGTTGC-1,CD4 Memory
CCAGCCTGTTCACCCA-1,CD8 Naive
CCAGCCTGTTTAGCGA-1,Dendritic cell
CCAGCTAAGAGGAAGG-1,Dendritic cell
CCAGCTAAGCCGCTTT-1,B cell progenitor
CCAGCTGCAAAGCTAA-1,NK cell
CCAGCTGCACCAACCG-1,CD8 Naive
CCAGGAACAAACTAAG-1,CD14+ Monocytes
CCAGGAACATAATCAC-1,CD4 Naive
CCAGGAACATTGTGCA-1,CD8 Naive
CCAGGATGTGGTGAGA-1,CD4 Naive
CCAGGATGTTGGTTAG-1,CD14+ Monocytes
CCAGTTTGTAGTCAAT-1,CD14+ Monocytes
CCATAAATCACGCATG-1,pDC
CCATAAATCCCTCATA-1,B cell progenitor
CCATAAGGTCTAACCT-1,CD8 Naive
CCATAAGGTTTGTCTA-1,CD8 effector
CCATAATCAGCGCTTG-1,CD4 Naive
CCATAGCCAATAAGCA-1,CD8 effector
CCATAGCCAATATGGA-1,CD8 effector
CCATAGCCAATTGACT-1,CD14+ Monocytes
CCATATTTCCTCCTAA-1,CD14+ Monocytes
CCATCACTCGGTTTGG-1,CD4 Memory
CCATCACTCTTCAATC-1,CD4 Memory
CCATCATGTAACCACA-1,CD4 Naive
CCATCATGTGCTTAGA-1,CD14+ Monocytes
CCATTATTCTAACTGA-1,CD8 Naive
CCCAAACCAGAAATGC-1,CD14+ Monocytes
CCCAAACCAGGACCTT-1,CD14+ Monocytes
CCCAAACCAGGATTAA-1,CD16+ Monocytes
CCCAAATAGTGAGCGG-1,CD8 Naive
CCCAACCGTCCTAAGA-1,CD4 Memory
CCCAGCACAATCATGT-1,CD14+ Monocytes
CCCAGTTTCCTCATCA-1,NK cell
CCCAGTTTCTGTTGCC-1,CD8 effector
CCCAGTTTCTTGGACG-1,CD4 Memory
CCCATAACAGGAACCA-1,Double negative T cell
CCCGCAACAGTTGCGT-1,CD4 Naive
CCCGTAAAGTTAGAGG-1,CD4 Memory
CCCGTTGTCAACAAGG-1,CD14+ Monocytes
CCCTCACCAACACCTA-1,CD4 Memory
CCCTCACCAAGACTCC-1,B cell progenitor
CCCTCACCAATAACCT-1,CD16+ Monocytes
CCCTCACCACTAAGTT-1,CD4 Naive
CCCTCACCAGGCTAGA-1,CD8 effector
CCCTCAGTCATTTGTC-1,CD4 Memory
CCCTCAGTCGGTTTGG-1,CD4 Memory
CCCTCATAGCTATTAG-1,CD14+ Monocytes
CCCTCATAGTGACCTG-1,pre-B cell
CCCTGTTAGCTGTCAG-1,CD8 Naive
CCCTGTTAGTCGCAAT-1,CD4 Naive
CCCTTAATCGATCAGT-1,NK cell
CCGATGCAGCGAGTAA-1,B cell progenitor
CCGCAAATCATGCAAC-1,B cell progenitor
CCGCAAATCTCGCCCA-1,CD14+ Monocytes
CCGCAAGGTAATCCCT-1,B cell progenitor
CCGCAAGGTTCAAGCA-1,CD4 Naive
CCGCACACACTTCACT-1,CD14+ Monocytes
CCGCACACAGTTTCTC-1,CD4 Memory
CCGCACACATGAGCAG-1,CD14+ Monocytes
CCGCACACATGTTTGG-1,B cell progenitor
CCGCCAACAACCCTCC-1,CD4 Memory
CCGCTAAAGCTGGAAA-1,B cell progenitor
CCGCTAGCATGCTATG-1,CD4 Naive
CCGCTTAGTATCTGGA-1,CD4 Memory
CCGGTAGGTAATGACT-1,CD4 Naive
CCGGTAGGTCGTTACT-1,CD4 Naive
CCGGTTAAGGAAGTAT-1,CD4 Memory
CCGGTTAAGGCCTAAT-1,CD14+ Monocytes
CCGGTTAAGTCAGGCC-1,CD4 Memory
CCGGTTAAGTTTGGTA-1,CD4 Naive
CCGTTACTCATCCTGC-1,CD8 Naive
CCGTTACTCTAGCGAT-1,CD4 Naive
CCGTTATGTGCTTAGA-1,CD14+ Monocytes
CCGTTGCGTTAGAGCC-1,CD4 Memory
CCGTTGCGTTTGTCTA-1,CD8 effector
CCGTTTGGTCCTTAGT-1,CD14+ Monocytes
CCGTTTGGTGCTTTAC-1,CD4 Memory
CCTAAAGGTACGGGTT-1,CD8 Naive
CCTAAGCCAGTAGGTG-1,CD8 Naive
CCTAAGCCATAAGTTC-1,CD8 Naive
CCTAAGCCATTGTGCA-1,CD4 Naive
CCTAAGGTCCTGGCTT-1,CD4 Naive
CCTAATCGTGTAACCA-1,CD16+ Monocytes
CCTAATCGTTAGGCTA-1,CD8 Naive
CCTACTGGTCAAGTGC-1,CD8 Naive
CCTACTGGTTAATGCG-1,CD14+ Monocytes
CCTACTTCACAAGCCT-1,CD4 Naive
CCTACTTCACAGAAAC-1,CD14+ Monocytes
CCTACTTCAGGAACCA-1,CD4 Naive
CCTACTTCATAAGCAA-1,CD4 Naive
CCTAGTTGTGGGAACA-1,CD4 Memory
CCTATAGCAATTAGCT-1,CD14+ Monocytes
CCTATATTCCTCACAC-1,B cell progenitor
CCTATATTCTAACCAA-1,CD4 Memory
CCTATTGTCCCTCAAC-1,CD4 Naive
CCTATTTAGCTTCTCA-1,CD4 Naive
CCTATTTAGTTACTTC-1,CD16+ Monocytes
CCTCAAACATCGTTCT-1,CD8 effector
CCTCAATGTTGGATAT-1,CD4 Memory
CCTCAGTTCCGGAACC-1,CD8 Naive
CCTCCTCTCGTGCTAG-1,CD4 Naive
CCTCCTGAGGCGAATA-1,CD14+ Monocytes
CCTCCTGAGTTCCTCA-1,NK cell
CCTCCTGAGTTGGCCA-1,CD14+ Monocytes
CCTGAATAGGGTGAAC-1,CD14+ Monocytes
CCTGACTTCCAGGTCA-1,CD4 Memory
CCTGAGTCAGGCCAAA-1,CD8 effector
CCTGATGAGGGACGCA-1,CD14+ Monocytes
CCTGCTCCAGTTATCG-1,CD14+ Monocytes
CCTGCTCCATAGCGGA-1,NK cell
CCTGGATCACAACCTA-1,NK cell
CCTGGATCAGTAGGTG-1,CD8 Naive
CCTGGATCAGTTTACG-1,CD8 Naive
CCTGTAACAATTAACC-1,CD8 effector
CCTGTAACAGGTTAAA-1,CD4 Memory
CCTGTTGGTCACAGCG-1,B cell progenitor
CCTTAACGTGTTGCTT-1,NK cell
CCTTAACGTTACAACG-1,CD4 Memory
CCTTAGTGTCACTCGC-1,pDC
CCTTAGTGTCCTAGTT-1,CD4 Memory
CCTTAGTGTCTATCGT-1,CD4 Naive
CCTTAGTGTGTGTCCC-1,CD4 Memory
CCTTATGTCACACAGT-1,CD8 effector
CCTTCGGTCACAGACT-1,CD14+ Monocytes
CCTTCGTAGCTTACTT-1,CD8 Naive
CCTTGCGTCACAGGAA-1,CD8 Naive
CCTTTAGTCGATTATG-1,NK cell
CCTTTAGTCTAGCTAA-1,CD4 Memory
CCTTTAGTCTGTTCAT-1,Double negative T cell
CGAAATGAGGGCCATC-1,NK cell
CGAAATGAGGTTAGCT-1,CD14+ Monocytes
CGAAATGAGTGAACCT-1,CD14+ Monocytes
CGAACAAAGGAACACA-1,CD8 Naive
CGAACAAAGTCATTTC-1,CD14+ Monocytes
CGAAGCCTCAAAGGCA-1,NK cell
CGAAGGCCAACCTAAT-1,CD16+ Monocytes
CGAATATGTGTGAGGA-1,CD14+ Monocytes
CGAATATGTTCATTTG-1,CD14+ Monocytes
CGAATCTAGGACCAGG-1,CD14+ Monocytes
CGAATCTAGGATGATG-1,NK cell
CGACAAGCATAATGTC-1,CD8 effector
CGACAAGCATTAAGTC-1,pre-B cell
CGAGCGAAGAGAGGCT-1,pre-B cell
CGAGCGAAGTACCGCA-1,CD14+ Monocytes
CGAGCTGGTAACCACA-1,Double negative T cell
CGAGGCAAGTCACCAG-1,CD4 Naive
CGAGGTGAGGTCAAAG-1,Dendritic cell
CGAGGTGAGTCACTAA-1,CD4 Naive
CGAGTCGGTATTCGCT-1,CD14+ Monocytes
CGAGTCGGTGGCTTCC-1,CD8 Naive
CGATGTCCAAAGCGCA-1,CD8 effector
CGATGTCCAACTAGCC-1,CD8 effector
CGATGTCCAAGCTACC-1,CD8 Naive
CGATGTCCAATTAGCT-1,CD14+ Monocytes
CGATGTCCAGGCTTGT-1,CD4 Memory
CGATGTCCAGGTTAAA-1,CD4 Memory
CGATTCCTCAGCACCA-1,CD14+ Monocytes
CGATTCCTCTTGATGA-1,CD14+ Monocytes
CGATTTGCATAGACTT-1,CD4 Memory
CGCAAATTCTAATCCT-1,CD8 effector
CGCAATAGTGCCTCAC-1,CD8 effector
CGCAATCCAATATACC-1,CD4 Memory
CGCAATGTCCCATAGG-1,CD8 Naive
CGCAATTAGCTTAGCG-1,CD8 Naive
CGCACAATCCCTCAGT-1,CD4 Naive
CGCACCACACCTGGTG-1,NK cell
CGCACCACATCGTTCT-1,CD14+ Monocytes
CGCATATAGTTATGTG-1,CD4 Memory
CGCATGATCCCTGGTT-1,CD8 effector
CGCATGATCGTTATCT-1,Dendritic cell
CGCATGATCTTAGTGA-1,CD4 Memory
CGCATTACAGCCAGAA-1,CD14+ Monocytes
CGCATTACAGGTCCTG-1,CD14+ Monocytes
CGCATTACAGTTGCGT-1,CD14+ Monocytes
CGCATTACATCTAGCA-1,CD8 effector
CGCATTACATTGTGAT-1,Double negative T cell
CGCCAAATCATGACCG-1,B cell progenitor
CGCCACACAACTAGAA-1,CD8 Naive
CGCCACACACAATGTT-1,CD8 Naive
CGCCTGTGTGCTAGAC-1,CD8 effector
CGCCTGTGTGGTTCTT-1,CD14+ Monocytes
CGCGATTCAGGCTTGT-1,CD14+ Monocytes
CGCGGATTCGTTTCGC-1,CD4 Memory
CGCTAACCAATTGCGC-1,CD14+ Monocytes
CGCTAACCATAACGGG-1,CD4 Memory
CGCTAACCATAATGTC-1,CD14+ Monocytes
CGCTAATAGCGCTAAT-1,pre-B cell
CGCTAATAGTGAGGTA-1,CD4 Memory
CGCTAATAGTTTGCGG-1,CD4 Naive
CGCTACTTCGTTACAA-1,CD8 effector
CGCTACTTCTAAGTCA-1,CD8 Naive
CGCTCAGCACAAAGCG-1,CD8 Naive
CGCTCAGCATAAGCAA-1,CD14+ Monocytes
CGCTCCATCACCGGTA-1,NK cell
CGCTGTGCAATCGCAC-1,CD14+ Monocytes
CGCTTAACACTTGTTC-1,CD16+ Monocytes
CGCTTACTCCTGAGTG-1,CD8 Naive
CGCTTCTAGGCTATGT-1,CD4 Naive
CGCTTCTAGTCATTGA-1,CD14+ Monocytes
CGGAATCGTGAGCAAG-1,CD8 effector
CGGACAACACCCTCAC-1,B cell progenitor
CGGACCTAGCTAATTG-1,B cell progenitor
CGGACCTAGCTTACTT-1,CD14+ Monocytes
CGGACCTAGGATGATG-1,pDC
CGGAGCAAGAGAGCCG-1,CD4 Naive
CGGATAAAGCCATCAG-1,CD4 Naive
CGGATAAAGTTGGATC-1,CD16+ Monocytes
CGGATTAGTTGTTGCT-1,pre-B cell
CGGATTAGTTTCCTCC-1,CD14+ Monocytes
CGGCAATGTCCACAAA-1,CD4 Memory
CGGCAATGTGTGCAAC-1,CD4 Memory
CGGCCATAGGCAGGTG-1,CD4 Memory
CGGCTCACATGAATCT-1,B cell progenitor
CGGGACAAGACAGGTA-1,CD8 Naive
CGGGACAAGCCTAACG-1,pre-B cell
CGGGACAAGCTCGCTT-1,CD14+ Monocytes
CGGGCTTAGCGATAAG-1,CD14+ Monocytes
CGGGCTTAGCTCATAA-1,CD4 Naive
CGGGCTTAGTAGCGGG-1,CD4 Memory
CGGGTATGTATTCGCT-1,CD14+ Monocytes
CGGGTATGTCTTTGAC-1,CD4 Memory
CGGGTATGTTACTTCA-1,NK cell
CGGGTCTAGCAACATC-1,CD4 Naive
CGGGTCTAGGCAAGTA-1,CD14+ Monocytes
CGGGTCTAGGTCTTGG-1,CD8 effector
CGGTAACGTGATTTGG-1,CD4 Naive
CGGTAACGTTCCTCCT-1,CD4 Memory
CGGTAACGTTTAGCGA-1,CD16+ Monocytes
CGGTGAACAAGTTATC-1,CD4 Memory
CGGTGAACACCGGTAT-1,CD14+ Monocytes
CGGTGAGAGCGAAGTA-1,CD14+ Monocytes
CGGTGAGAGCTAAAGG-1,CD16+ Monocytes
CGGTTATAGGACAACA-1,CD14+ Monocytes
CGGTTCCGTATTGCAG-1,pre-B cell
CGGTTCCGTGCTTACT-1,CD4 Naive
CGGTTGGGTCACCAAA-1,CD14+ Monocytes
CGGTTTCTCCTAATAG-1,pre-B cell
CGGTTTGAGCATCCAG-1,CD4 Naive
CGGTTTGAGGCTCATG-1,CD4 Memory
CGTAACCCAAGGAATC-1,pre-B cell
CGTAACCCAAGGTGCA-1,B cell progenitor
CGTAACCCAAGTAAGC-1,CD4 Memory
CGTAATGGTCCGTAGG-1,CD14+ Monocytes
CGTAATGGTCTCACTG-1,CD4 Memory
CGTAATGGTGGTTAGC-1,CD4 Naive
CGTACGGGTAGTAAGA-1,CD8 Naive
CGTACGGGTTCCGCAC-1,CD4 Memory
CGTAGCGGTAATGGAA-1,B cell progenitor
CGTATTGCACTGACCG-1,CD16+ Monocytes
CGTATTGCAGGCGATA-1,B cell progenitor
CGTCAATAGTCCTTCA-1,CD14+ Monocytes
CGTGCACAGTCCTGAG-1,CD14+ Monocytes
CGTGCTGCAACACCTA-1,CD14+ Monocytes
CGTGCTGCAACGTGCT-1,CD16+ Monocytes
CGTGCTGCAAGCCACT-1,CD8 Naive
CGTGCTGCAGGATTAA-1,pre-B cell
CGTGCTGCATCCGTAA-1,CD4 Memory
CGTGCTGCATGTGGGA-1,CD4 Naive
CGTGCTTTCCACAATA-1,CD8 Naive
CGTGCTTTCGGTAACT-1,CD4 Naive
CGTTAAATCACAGACT-1,CD16+ Monocytes
CGTTAAATCCACCTGT-1,CD4 Naive
CGTTAACAGCTTAGCG-1,CD8 Naive
CGTTAGGTCATTAGTG-1,CD4 Memory
CGTTAGGTCCCTCGCA-1,CD4 Memory
CGTTAGTAGGCCCAGT-1,CD4 Memory
CGTTGCGCAAGTCGCT-1,CD4 Memory
CGTTTCTCAGCTAACC-1,CD14+ Monocytes
CGTTTCTCATACTCCT-1,CD8 effector
CGTTTGGAGTCATCCC-1,CD14+ Monocytes
CGTTTGTGTCAATGTG-1,Dendritic cell
CGTTTGTGTTTGCAGA-1,B cell progenitor
CTAAAGCTCAATGAGG-1,NK cell
CTAAAGCTCCTCCCTC-1,CD4 Memory
CTAAAGCTCGGTTAGT-1,CD14+ Monocytes
CTAAATGTCAATCATG-1,CD8 Naive
CTAAATGTCTATTGTC-1,CD4 Naive
CTAACCACACAAAGCG-1,CD8 effector
CTAACCACAGCTTAAT-1,CD8 Naive
CTAACCTGTTCCGCAC-1,CD14+ Monocytes
CTAACCTGTTGGTGAC-1,CD4 Memory
CTAAGGTTCCCATAGG-1,CD4 Memory
CTAAGGTTCCTGCGAA-1,CD14+ Monocytes
CTAAGGTTCGGCCATA-1,CD8 effector
CTAAGGTTCTATTGTC-1,CD4 Naive
CTAAGTCAGGCTTAAC-1,CD14+ Monocytes
CTAAGTCAGGTCATTA-1,CD8 Naive
CTAAGTCAGTCTATGA-1,CD8 Naive
CTAATCCGTCATAGAT-1,CD8 Naive
CTAATCCGTCGTAATG-1,CD4 Memory
CTAATCGCAGCTAACC-1,CD14+ Monocytes
CTAATCTTCGTTAAGC-1,CD8 effector
CTAATGTCAAGGTAAC-1,CD14+ Monocytes
CTAATGTCAGTGAACG-1,CD14+ Monocytes
CTAATTGAGCTTTGGG-1,CD8 Naive
CTAATTGAGTATGTGC-1,CD8 Naive
CTACCTCAGGTAAGGC-1,Dendritic cell
CTACGAAGTGTGAGAG-1,CD14+ Monocytes
CTACTTAGTTATTGCC-1,CD4 Naive
CTACTTAGTTTATGGG-1,pDC
CTAGCTGAGTTTGGGT-1,CD4 Naive
CTAGCTTGTATTTGGG-1,CD4 Memory
CTAGCTTGTCTTGCTG-1,CD14+ Monocytes
CTAGCTTGTTGAGGTC-1,CD4 Memory
CTAGGACGTCATCATC-1,CD4 Naive
CTAGGCGGTTACCGGG-1,CD14+ Monocytes
CTAGTAATCAATACGC-1,CD14+ Monocytes
CTAGTAATCGGTTAGT-1,CD14+ Monocytes
CTAGTAATCGTTTCGC-1,CD4 Memory
CTAGTAGGTCAGGAAG-1,CD4 Naive
CTAGTCGAGCAAGATG-1,CD4 Memory
CTAGTGAGTCCACAAA-1,CD14+ Monocytes
CTAGTGAGTGATGATT-1,CD14+ Monocytes
CTAGTGAGTTTGTGGA-1,CD4 Memory
CTAGTTGCAAACTGTT-1,CD4 Memory
CTATGATCAGTAGGTG-1,CD14+ Monocytes
CTATGGCCAGATTCAT-1,CD14+ Monocytes
CTATTCAGTCGTAATG-1,CD14+ Monocytes
CTATTGAAGTCACTAA-1,CD8 effector
CTATTGAAGTTATGTG-1,CD4 Naive
CTCAATAAGCATTATG-1,B cell progenitor
CTCACAACATTATGAC-1,CD8 Naive
CTCACTCAGCGAGCGA-1,CD14+ Monocytes
CTCACTCAGTAGGCGG-1,CD14+ Monocytes
CTCAGGATCAGGTCCA-1,CD8 effector
CTCAGGATCGAGGTGG-1,CD14+ Monocytes
CTCATGACAAATTGCT-1,CD14+ Monocytes
CTCATTAGTCGACTAA-1,CD4 Memory
CTCATTAGTGGGTACT-1,CD4 Naive
CTCATTTAGCCTGAGC-1,CD4 Memory
CTCCAAACAATAGTCT-1,CD14+ Monocytes
CTCCAAACATTGTGAT-1,pre-B cell
CTCCCTGAGCGAAGTA-1,NK cell
CTCCCTGAGGCGGATG-1,CD8 effector
CTCCGGACACAACCTA-1,CD8 Naive
CTCCGTCCAAACCCTA-1,pre-B cell
CTCCGTCCAATTAGCT-1,CD14+ Monocytes
CTCCGTCCAGTGAACG-1,CD14+ Monocytes
CTCCTAATCGAGGAGT-1,CD14+ Monocytes
CTCCTAATCTAAGTGC-1,CD14+ Monocytes
CTCCTCACACATACTG-1,CD16+ Monocytes
CTCCTGAGTGTTCCCA-1,CD4 Memory
CTCGACAAGACTCGCA-1,CD8 effector
CTCGACAAGATGGACA-1,CD14+ Monocytes
CTCGCTAGTACAATGT-1,CD4 Memory
CTCGCTCCACCAGCAT-1,CD4 Memory
CTCGCTCCATCGCTTT-1,CD4 Memory
CTCGTTATCAAATCGC-1,CD4 Memory
CTCTAGCTCAATGTGC-1,NK cell
CTCTATGTCAACAAGG-1,CD4 Naive
CTCTATGTCGCAACAT-1,CD4 Memory
CTCTATGTCGTGCTTC-1,B cell progenitor
CTCTCACAGTTAGAGG-1,CD14+ Monocytes
CTCTGTTCAGGCTTGT-1,CD4 Naive
CTCTGTTCATTCCTCG-1,CD14+ Monocytes
CTCTTGATCCCGTTGT-1,CD4 Naive
CTGAATATCCTCAGTC-1,CD4 Naive
CTGAATATCGGCTAGC-1,CD14+ Monocytes
CTGAATATCTATCGCC-1,CD4 Naive
CTGACCAAGGTGCGGA-1,CD14+ Monocytes
CTGACCAAGTGCTGTG-1,NK cell
CTGATCACAACCCTCC-1,CD14+ Monocytes
CTGCAATAGGCATGAA-1,CD14+ Monocytes
CTGCTACTCAGAAACG-1,CD4 Naive
CTGCTCCCAGGGAGCT-1,pre-B cell
CTGGACCAGACAGGCG-1,CD14+ Monocytes
CTGGACCAGCATGGTT-1,CD16+ Monocytes
CTGGCTAAGAAAGGAA-1,CD4 Naive
CTGGCTAAGCGCAATT-1,B cell progenitor
CTGGCTAAGCTATATG-1,CD14+ Monocytes
CTGGCTTTCAGAAACG-1,CD4 Naive
CTGGTAAGTCAATAGT-1,CD8 Naive
CTGGTAAGTGCTTACT-1,CD4 Naive
CTGGTCAAGAGGAAGG-1,CD4 Naive
CTGGTCAAGGCACAGG-1,CD4 Memory
CTGGTTACAACTAGCC-1,CD4 Naive
CTGGTTACAAGGTGGC-1,CD8 Naive
CTGTACCTCTCGCCCA-1,NK cell
CTGTATTTCACAAGCT-1,CD4 Naive
CTGTATTTCTTGGATA-1,CD8 Naive
CTGTGTGAGCGCCTAA-1,CD4 Memory
CTGTGTGAGCTTTGGG-1,CD8 effector
CTGTTAAAGGAAACTG-1,CD14+ Monocytes
CTGTTCATCAGTTCCC-1,CD14+ Monocytes
CTGTTGGAGCATGTTA-1,pre-B cell
CTGTTGGAGCCGCAGT-1,B cell progenitor
CTGTTGGAGCTCGCTT-1,CD4 Naive
CTGTTGGAGGCTACAT-1,B cell progenitor
CTTAACAAGGAACACA-1,CD4 Memory
CTTAAGGGTTCCTGTG-1,Dendritic cell
CTTAAGGGTTGGTTCT-1,CD14+ Monocytes
CTTAATGAGAGGAAGG-1,CD14+ Monocytes
CTTACCGGTAAGCTCA-1,CD4 Memory
CTTACTAGTCATGCAA-1,CD14+ Monocytes
CTTACTAGTTCCGGGA-1,CD14+ Monocytes
CTTAGGAGTTACAAAC-1,NK cell
CTTAGTTTCGATTTAG-1,CD8 Naive
CTTATTGGTCGACTAA-1,CD14+ Monocytes
CTTCAATTCAGCATTA-1,CD14+ Monocytes
CTTCACTCACACTAAT-1,CD8 Naive
CTTCATCCAACAGGTG-1,CD4 Memory
CTTCATCCATCACAGC-1,CD8 effector
CTTCGCGTCAGCAAGA-1,CD4 Naive
CTTCGCGTCATGCGTG-1,CD4 Naive
CTTCGCGTCCGTTATT-1,CD14+ Monocytes
CTTCTAAGTTGTTGGA-1,CD14+ Monocytes
CTTCTCAAGGAGGACT-1,CD4 Naive
CTTCTCAAGGATCACT-1,CD4 Naive
CTTGAACAGCCACAAT-1,CD4 Memory
CTTGAACAGCTAAGTC-1,CD4 Naive
CTTGAACAGCTGTACG-1,Dendritic cell
CTTGAACAGGCAGGTG-1,CD4 Naive
CTTGAATCATTCCTCG-1,CD4 Memory
CTTGACGAGGTAAGCA-1,CD14+ Monocytes
CTTGACGAGTCACTCC-1,CD8 Naive
CTTGCAACACAACAGG-1,CD4 Naive
CTTGCAACACAGACTC-1,CD8 Naive
CTTGCATGTAGGTTGC-1,NK cell
CTTGCATGTCAAGTGC-1,Dendritic cell
CTTGCGCGTCCGGTTC-1,CD4 Memory
CTTGCGCGTTAACGGC-1,CD8 effector
CTTGCGCGTTCCTCCT-1,CD14+ Monocytes
CTTGCTCAGGACACTT-1,CD4 Memory
CTTGGACCAAACTGCC-1,NK cell
CTTGGACCACCAACCG-1,CD14+ Monocytes
CTTGTAAAGAGAGGAG-1,CD14+ Monocytes
CTTGTAAAGCGAGGTG-1,CD4 Memory
CTTGTCCAGACAAGTG-1,CD14+ Monocytes
CTTGTTCCAAGGTGGC-1,pre-B cell
CTTGTTCCACAGCCAT-1,Dendritic cell
CTTTAGGCAAGGCCAA-1,B cell progenitor
CTTTAGGCACAGGGAC-1,CD8 Naive
CTTTAGTTCATGCATA-1,CD8 Naive
CTTTAGTTCATTTGTC-1,CD8 effector
CTTTATCAGACAGGCG-1,CD8 effector
CTTTATCAGAGGAAGG-1,CD16+ Monocytes
CTTTATCAGGGATTAG-1,CD4 Naive
CTTTATGGTAAGCACC-1,CD4 Memory
CTTTATGGTGCATCGG-1,CD16+ Monocytes
CTTTATGGTTGTCCAT-1,CD4 Memory
CTTTATGGTTTCGCCA-1,NK cell
CTTTCTTGTACCGTTT-1,CD16+ Monocytes
CTTTCTTGTCCAAATG-1,CD14+ Monocytes
CTTTGAGCAAGTCGCT-1,CD14+ Monocytes
CTTTGAGCACCTCGCT-1,Dendritic cell
CTTTGGTGTACCTTAC-1,CD14+ Monocytes
CTTTGGTGTCGCATAA-1,CD4 Memory
CTTTGGTGTCGTTATC-1,pDC
CTTTGTCCAAGCCAGA-1,CD14+ Monocytes
GAAACCCGTATTTGGG-1,CD4 Naive
GAAACCCGTGACCTGG-1,CD4 Naive
GAAACTGAGCTAGAAG-1,CD14+ Monocytes
GAACACAAGGATCACT-1,pre-B cell
GAACCGCTCAGCATTA-1,B cell progenitor
GAACCTGTCATGTGGT-1,CD14+ Monocytes
GAACCTGTCCAAGTTA-1,CD4 Naive
GAACGAATCATTGCGG-1,CD8 Naive
GAAGCTAAGGACCGCT-1,CD14+ Monocytes
GAAGCTAAGTCTGGGC-1,CD4 Memory
GAAGCTAAGTTAGAGG-1,CD8 effector
GAAGGAACAGAAATTG-1,CD8 Naive
GAAGGATGTCTTGCAT-1,CD14+ Monocytes
GAAGGATGTTCCATTA-1,CD4 Memory
GAAGGCTAGAACAAGT-1,CD8 Naive
GAAGGCTAGGCAATAG-1,CD4 Memory
GAAGGCTAGTGAGCAA-1,CD8 Naive
GAAGTAAGTCGTAATG-1,CD4 Memory
GAAGTAAGTCTTTGAC-1,CD14+ Monocytes
GAAGTATAGGAAACTG-1,CD4 Naive
GAAGTCAAGACCATAC-1,CD8 effector
GAATTTGTCACAGCCA-1,CD14+ Monocytes
GACAATACAGCAAGAT-1,Dendritic cell
GACAATACAGGTTAAA-1,CD14+ Monocytes
GACAATACATACCCGG-1,CD4 Memory
GACACCGGTGGGTACT-1,CD14+ Monocytes
GACATAGAGGCATTGT-1,CD4 Memory
GACATTATCACGCCAA-1,CD14+ Monocytes
GACATTATCCATAATG-1,CD8 effector
GACATTATCTCTAGCC-1,B cell progenitor
GACCGAACAACTCGCG-1,CD8 Naive
GACCGAACAGAAACGT-1,CD4 Naive
GACCGAACAGCCAGTT-1,CD4 Memory
GACCGAACATGTTGGC-1,NK cell
GACCTAAGTTTGTTGC-1,CD4 Naive
GACCTAGTCCTGATGG-1,CD4 Naive
GACCTCAAGGGACTAA-1,CD4 Memory
GACCTGATCATCCTCA-1,CD16+ Monocytes
GACCTGCAGCGGATAA-1,CD14+ Monocytes
GACCTGCAGGAACCAA-1,CD4 Naive
GACCTTTGTTTCCACG-1,CD14+ Monocytes
GACGCAACAATGCGCT-1,CD4 Naive
GACGCAACAATTAACC-1,CD4 Naive
GACTAATGTTATTGCC-1,CD8 Naive
GACTATTCACGTAATT-1,CD14+ Monocytes
GACTATTCAGTGAACG-1,NK cell
GACTCACCACCACAAC-1,B cell progenitor
GACTCACCATTAAGTC-1,CD8 effector
GACTTACAGCTACTGG-1,CD8 Naive
GACTTACAGTGGCGGA-1,Dendritic cell
GACTTAGGTACTTCAC-1,CD14+ Monocytes
GACTTAGGTGCTTACT-1,CD4 Memory
GACTTAGGTTGTTGTC-1,CD14+ Monocytes
GACTTAGGTTTAAAGC-1,CD14+ Monocytes
GACTTGGTCATTAGGC-1,CD8 Naive
GACTTGGTCCTGAGTG-1,CD4 Naive
GAGAAACGTAGCCTAA-1,CD4 Naive
GAGATAAGTTCACCCA-1,CD14+ Monocytes
GAGCAAATCATTGCAA-1,CD8 Naive
GAGCAAGGTAGACAAA-1,CD14+ Monocytes
GAGCAAGGTTGTTCAC-1,CD4 Naive
GAGCATGCAGATAGAC-1,NK cell
GAGCCACTCCTTGCGT-1,CD4 Memory
GAGCCACTCGCAACAT-1,CD8 effector
GAGCCTTCAATGCCCG-1,CD4 Naive
GAGCCTTCAGCCTGCA-1,CD4 Memory
GAGCCTTCATTGTCCT-1,CD8 effector
GAGCGAAGTGACATAT-1,CD4 Naive
GAGCGAAGTGTTGTGA-1,CD4 Memory
GAGCGATAGTTATGGC-1,CD14+ Monocytes
GAGCGGTCAAGGGTTG-1,CD14+ Monocytes
GAGCGGTCAATCCTAG-1,CD8 Naive
GAGCGGTCACCCTCAC-1,pre-B cell
GAGCTAGCACACCAAC-1,pre-B cell
GAGCTAGCAGCTCATA-1,CD8 effector
GAGCTGCTCACGCCAA-1,CD4 Naive
GAGCTGCTCATAACTG-1,CD8 effector
GAGCTGCTCATGCCTC-1,CD14+ Monocytes
GAGCTGCTCCATAAGC-1,CD4 Naive
GAGCTGCTCCTGTTCA-1,NK cell
GAGCTTGTCACATTGA-1,pre-B cell
GAGCTTGTCACGCGGT-1,CD4 Naive
GAGCTTGTCCCTGGTT-1,Double negative T cell
GAGCTTGTCCTCCTAA-1,CD14+ Monocytes
GAGCTTGTCCTGAATA-1,CD8 Naive
GAGCTTGTCGAGCAAA-1,CD8 effector
GAGGACTAGCTAAAGG-1,CD4 Memory
GAGGAGGCATGCTATG-1,CD14+ Monocytes
GAGGCTTGTATTGAGT-1,CD4 Memory
GAGGGAGCAAGGGTTG-1,CD4 Naive
GAGGGAGCAGCATGTC-1,CD4 Memory
GAGGGAGCATTATGGT-1,pre-B cell
GAGGTACAGGACCGCT-1,CD16+ Monocytes
GAGGTAGGTAGGTTAT-1,CD8 Naive
GAGGTGAGTAAGCACC-1,CD8 effector
GAGGTGAGTAGCCTAA-1,CD16+ Monocytes
GAGGTGAGTAGGTTAT-1,CD14+ Monocytes
GAGGTGAGTGTGTGGT-1,CD4 Memory
GAGGTGAGTGTTTCAC-1,CD8 Naive
GAGGTTAAGAGGAGTC-1,CD8 effector
GAGTAACCAGATAGAC-1,CD14+ Monocytes
GAGTAACCATGAGCAG-1,CD14+ Monocytes
GAGTCAAAGCGGATAA-1,CD4 Naive
GAGTGATCAATAACGA-1,CD4 Naive
GAGTGATCAATGCCTA-1,CD4 Memory
GAGTTACTCGCACAAT-1,CD8 Naive
GAGTTACTCTTGCTAT-1,CD14+ Monocytes
GAGTTGCGTGAGAAAC-1,NK cell
GAGTTGCGTGTCCTGC-1,B cell progenitor
GATAAAGGTTTATGGG-1,CD14+ Monocytes
GATAACGAGCTTAGCG-1,NK cell
GATAACGAGTCAATTG-1,CD14+ Monocytes
GATAACGAGTTAGCTA-1,CD4 Memory
GATAAGCCAAGACTCC-1,CD8 Naive
GATAAGCCAATGCGCT-1,CD14+ Monocytes
GATAATCGTACAAAGA-1,CD8 Naive
GATAGACCACTCAACA-1,CD14+ Monocytes
GATAGACCACTTCATC-1,NK cell
GATCAAGAGCTTACTT-1,CD4 Naive
GATCACTAGGACCTCA-1,pre-B cell
GATCAGGCAAGTTATC-1,CD4 Naive
GATCAGTTCAATCATG-1,CD14+ Monocytes
GATCAGTTCGGTCAAT-1,B cell progenitor
GATCAGTTCTCTAGCC-1,CD8 Naive
GATCCGTCAGTTAAAG-1,CD8 Naive
GATCGAGCAATTTAGC-1,CD14+ Monocytes
GATCGCTCATTAGCCA-1,CD8 Naive
GATGCAGCAAGGATTA-1,CD14+ Monocytes
GATGCAGCACGTTACA-1,CD14+ Monocytes
GATGCATTCCTGATTT-1,CD4 Memory
GATGCTTAGGAGCACG-1,CD4 Memory
GATGGCTGTACGATTG-1,CD14+ Monocytes
GATGGCTGTAGCTGGT-1,CD4 Naive
GATGGCTGTCCGCTGT-1,CD14+ Monocytes
GATGGCTGTGCTAGAC-1,CD14+ Monocytes
GATTAAGCAATGAATG-1,B cell progenitor
GATTAAGCATATAACC-1,CD8 effector
GATTACGGTTGGATCA-1,CD4 Memory
GATTACTCAATATGGA-1,CD14+ Monocytes
GATTACTCAATTGAAG-1,CD4 Memory
GATTACTCAGGAACTG-1,B cell progenitor
GATTACTCAGTTAAAG-1,NK cell
GATTAGCTCCTTAATC-1,CD14+ Monocytes
GATTAGCTCTAAGTGC-1,CD4 Memory
GATTATGTCAAACACC-1,B cell progenitor
GATTATGTCAGCACCA-1,CD14+ Monocytes
GATTATGTCCTAGTCC-1,CD4 Memory
GATTATGTCCTCACTA-1,CD4 Memory
GATTATGTCCTGAGTG-1,CD4 Memory
GATTATGTCGGCCAGT-1,CD14+ Monocytes
GATTCAATCGCTTCTA-1,CD8 Naive
GATTCAATCTGTAATG-1,CD4 Memory
GATTCATCAATTTAGC-1,CD4 Naive
GATTCATCAGCAAGTG-1,CD14+ Monocytes
GATTCATCATAATCGT-1,CD8 Naive
GATTCCTGTTATCCTA-1,CD8 effector
GATTGATGTGCGCATG-1,CD4 Memory
GATTGCAGTGAGGTGA-1,CD14+ Monocytes
GATTGGCGTACCAGGT-1,CD4 Memory
GATTGGCGTGTTAGCA-1,CD4 Memory
GATTGGTTCATGCTCC-1,CD4 Naive
GATTGGTTCCATCAGG-1,CD14+ Monocytes
GATTGGTTCCCGAAGC-1,B cell progenitor
GATTGTTCAGGCATGA-1,CD8 Naive
GATTGTTCATTGCGTA-1,CD8 Naive
GCAAACAAGCAAACCT-1,CD14+ Monocytes
GCAAACAAGGCGTAAA-1,CD14+ Monocytes
GCAAACAAGGCTACAT-1,CD4 Memory
GCAAACTTCACTCAAA-1,CD14+ Monocytes
GCAAACTTCAGGATGA-1,CD14+ Monocytes
GCAACAGCAGCATGTC-1,CD8 effector
GCAAGCCTCTAATCAG-1,Double negative T cell
GCAAGCCTCTCGCCTG-1,CD4 Memory
GCAAGCCTCTGTAAGC-1,CD4 Naive
GCAAGTGCAAAGGCCA-1,CD4 Naive
GCAAGTGCAGGAACTG-1,CD4 Memory
GCAATAGAGATTGAGG-1,CD14+ Monocytes
GCAATATGTAGGTTGC-1,CD14+ Monocytes
GCAATATGTCTTGCTG-1,CD14+ Monocytes
GCAATATGTGATGAGG-1,CD14+ Monocytes
GCAATATGTTGGCGTG-1,CD4 Memory
GCAATCTAGGAAACTG-1,CD8 Naive
GCAATCTAGTCGCTAG-1,NK cell
GCAATCTAGTGTGATC-1,CD8 Naive
GCAATCTAGTTAGGCT-1,CD8 effector
GCAATGAAGTAGCGGG-1,NK cell
GCAATGTTCATGACCG-1,CD14+ Monocytes
GCAATGTTCCTGGTCT-1,CD14+ Monocytes
GCAATGTTCGCTATAA-1,pre-B cell
GCACCTAAGGTGAAAT-1,CD14+ Monocytes
GCACGAACAGACAAAC-1,CD4 Naive
GCACGAACAGGAACCA-1,CD4 Naive
GCACGCTAGGAAACTG-1,CD14+ Monocytes
GCACGGTTCCTTAAGA-1,CD4 Naive
GCACTAAGTAACCAGC-1,CD4 Memory
GCACTAAGTTCATCTA-1,CD8 Naive
GCACTTACAGCAGGTA-1,pre-B cell
GCAGCTATCTGTTGCC-1,CD14+ Monocytes
GCAGGAAGTCCCGAAG-1,CD8 effector
GCAGGATAGAAAGGAA-1,CD8 Naive
GCAGGATAGTTAGGCT-1,CD8 effector
GCAGGCAAGCAGGTTT-1,CD14+ Monocytes
GCAGGCAAGGACCTGC-1,CD4 Naive
GCAGGCTTCCCTCAAC-1,NK cell
GCAGGCTTCTTAAGTG-1,NK cell
GCAGGTGAGGAATAAC-1,CD4 Naive
GCAGGTTGTGACATGC-1,Dendritic cell
GCATATATCGCTAGTG-1,CD14+ Monocytes
GCATGAAAGCGAGGTG-1,CD4 Memory
GCATGAAAGCGCCTTT-1,CD8 Naive
GCATGAAAGGCAATAG-1,CD4 Memory
GCATTAGGTATGGTGC-1,CD16+ Monocytes
GCATTAGGTATTCGTC-1,CD4 Memory
GCATTAGGTTAGCCAA-1,CD4 Naive
GCCAACATCCGGCTAA-1,CD14+ Monocytes
GCCAACATCTCGCCCA-1,CD4 Memory
GCCAATAGTGGTTAGC-1,NK cell
GCCAATTAGGCAAGTA-1,CD4 Naive
GCCACAATCCGGTATG-1,CD14+ Monocytes
GCCACACAGGTCCTGA-1,CD4 Naive
GCCACACAGTCAGGCC-1,B cell progenitor
GCCACTAAGGAACCGG-1,CD8 Naive
GCCAGGAAGGAACCGG-1,CD14+ Monocytes
GCCAGGTTCCAAACAC-1,CD14+ Monocytes
GCCAGGTTCCTAGTTT-1,NK cell
GCCAGGTTCGAGGAAC-1,CD4 Naive
GCCAGGTTCGTCAAGT-1,CD14+ Monocytes
GCCATTACAGCCTAAC-1,CD4 Memory
GCCCAAATCCTTGTTG-1,CD4 Naive
GCCCAAATCGTGCTAG-1,CD8 effector
GCCCATAAGCCGCAGT-1,CD4 Naive
GCCCGTTGTTCGGGAT-1,CD4 Memory
GCCCTCATCCGCCTCA-1,CD8 Naive
GCCGTGAGTAGTTACG-1,Dendritic cell
GCCTAATAGTGGCGGA-1,CD14+ Monocytes
GCCTATTGTCATTGTC-1,CD14+ Monocytes
GCCTATTGTTATCCGT-1,CD4 Memory
GCCTCGACACGAATCC-1,CD8 Naive
GCCTCGACAGTGAACG-1,CD14+ Monocytes
GCCTGACAGTTTCCTG-1,CD4 Memory
GCCTGTGCAGGCGAGT-1,CD14+ Monocytes
GCCTTAACACAATGTT-1,CD14+ Monocytes
GCCTTAACACTTAGGC-1,CD4 Memory
GCCTTAACAGCATGAG-1,B cell progenitor
GCCTTAACAGGCGAGT-1,CD16+ Monocytes
GCCTTACTCACTAAGC-1,CD4 Memory
GCCTTACTCTTGCTAT-1,NK cell
GCCTTAGAGCTGCACA-1,CD14+ Monocytes
GCCTTAGAGTTATGGC-1,CD4 Memory
GCCTTGCGTACAAAGA-1,CD4 Naive
GCCTTGCGTCATAACG-1,CD14+ Monocytes
GCCTTGCGTCATTGTC-1,CD4 Naive
GCCTTGCGTTAAGCTG-1,NK cell
GCCTTGCGTTGCCTCA-1,CD14+ Monocytes
GCCTTGCGTTTACTTG-1,B cell progenitor
GCCTTTATCATGACCG-1,CD14+ Monocytes
GCCTTTATCTCGCCTG-1,CD8 Naive
GCCTTTGGTCAATAGT-1,CD4 Naive
GCGAAGCCAACAGGTG-1,CD14+ Monocytes
GCGAAGTAGCAAGATG-1,CD8 Naive
GCGAAGTAGGGTGAAC-1,CD14+ Monocytes
GCGAGTGAGGGATTAG-1,CD4 Naive
GCGATTAGTTCCTGTG-1,CD14+ Monocytes
GCGCAAACATAAGCAA-1,CD4 Naive
GCGCAAACATAATTGC-1,CD4 Naive
GCGCAAACATAGCTGC-1,CD4 Naive
GCGCGATTCAATCTCT-1,CD4 Naive
GCGCGATTCATAGACC-1,CD14+ Monocytes
GCGCTAGGTCAAAGGG-1,CD4 Memory
GCGCTAGGTTCCATTA-1,CD16+ Monocytes
GCGCTAGGTTTGCGCC-1,CD4 Memory
GCGCTTAAGCTCCCTG-1,NK cell
GCGCTTGCACAAAGCG-1,CD4 Naive
GCGCTTGCATTAGCCA-1,CD8 effector
GCGGAACCAAGCTTTG-1,NK cell
GCGGAACCACAAAGGT-1,NK cell
GCGGAACCAGCTCAAC-1,CD4 Naive
GCGGAACCAGTTATCG-1,CD16+ Monocytes
GCGGAACCATCACAGC-1,CD4 Memory
GCGGATACAAGGGTTG-1,CD14+ Monocytes
GCGGGTTTCCCTGTTA-1,CD14+ Monocytes
GCGGTTATCACCTGTC-1,CD8 effector
GCGGTTATCCTAATAG-1,CD14+ Monocytes
GCGTGCTAGCCTGATG-1,CD8 Naive
GCGTTTCTCATGCTTT-1,Dendritic cell
GCTAACAGTAAATTGC-1,CD4 Naive
GCTAACAGTGGATTAT-1,CD8 Naive
GCTAACAGTGGTTCCC-1,Double negative T cell
GCTAACAGTTTAACCC-1,CD14+ Monocytes
GCTAACCCAAGGAATC-1,CD14+ Monocytes
GCTAACCCAGTGAACG-1,CD4 Naive
GCTAAGAAGGAAGCTA-1,CD4 Naive
GCTAAGAAGGTCCGTA-1,CD8 Naive
GCTAAGCGTTAAGCGC-1,CD4 Memory
GCTAAGTTCATTACTC-1,CD14+ Monocytes
GCTAGCTCATAAACCT-1,CD4 Naive
GCTAGCTCATCCATCT-1,CD8 Naive
GCTAGTGTCAAACACC-1,CD14+ Monocytes
GCTATAGGTGACCTGG-1,CD4 Naive
GCTATAGGTGATTACG-1,CD4 Memory
GCTATAGGTTTCCACG-1,CD16+ Monocytes
GCTATAGGTTTCCGGC-1,CD8 Naive
GCTATCCTCAAATCGC-1,CD16+ Monocytes
GCTATCCTCATCACTT-1,CD14+ Monocytes
GCTATCCTCCGCACAA-1,CD8 Naive
GCTATTGCAACCCTAA-1,CD14+ Monocytes
GCTCAACCATTTGCTC-1,CD4 Naive
GCTCACAAGCTCGCTT-1,CD4 Memory
GCTCACAAGGTAAGCA-1,CD4 Memory
GCTCATTGTAGTTAAC-1,CD4 Naive
GCTCCTTAGCTTTGTT-1,CD14+ Monocytes
GCTCGATCAGTCTAAT-1,pre-B cell
GCTCTGGCAGGATTAA-1,B cell progenitor
GCTCTGGCAGTAGGTG-1,CD14+ Monocytes
GCTCTGTTCCATAATG-1,pre-B cell
GCTCTGTTCTGTTGCC-1,CD14+ Monocytes
GCTCTGTTCTTAGCGG-1,CD14+ Monocytes
GCTGACCAGTCCTGAG-1,CD14+ Monocytes
GCTGAGGAGCACCACA-1,CD14+ Monocytes
GCTGAGGAGGCTTAGT-1,CD4 Naive
GCTGCACAGTCATTAG-1,CD8 effector
GCTGCACAGTTTGCGG-1,CD14+ Monocytes
GCTGGATGTGCATTAG-1,CD14+ Monocytes
GCTGTAAGTAAACAAG-1,CD4 Naive
GCTGTAAGTCTATCGT-1,CD14+ Monocytes
GCTGTACCAGTAAAGC-1,CD4 Naive
GCTGTGCAGAGGAGTC-1,CD4 Memory
GCTGTGCAGCTAATCA-1,CD4 Memory
GCTGTGCAGCTGTCAG-1,CD4 Naive
GCTTAAATCCTTTACG-1,CD14+ Monocytes
GCTTACCTCCGGTTGA-1,CD14+ Monocytes
GCTTACCTCGAGGAAC-1,CD14+ Monocytes
GCTTAGTAGCGAGCGA-1,CD8 effector
GCTTAGTAGGTTTGCG-1,CD4 Naive
GCTTAGTAGTCACCTC-1,CD4 Naive
GCTTATCGTTCCGGGA-1,CD4 Naive
GCTTCGCGTCAGGCAT-1,CD16+ Monocytes
GCTTCGCGTGATTACG-1,B cell progenitor
GCTTCGCGTGCTTACT-1,CD4 Memory
GCTTGACCAGCATGGA-1,CD14+ Monocytes
GCTTGACCAGGATAAC-1,CD8 Naive
GCTTGACCAGGCGATA-1,CD4 Naive
GCTTGTTGTACCGAAC-1,CD14+ Monocytes
GCTTTACGTCTAACCT-1,B cell progenitor
GCTTTACGTGGTTATG-1,CD4 Naive
GCTTTACGTTACAACG-1,CD14+ Monocytes
GCTTTATTCGGCCAGT-1,pre-B cell
GCTTTCATCATGCAAC-1,Double negative T cell
GCTTTGTGTCCTAATC-1,CD14+ Monocytes
GCTTTGTGTGTAACCA-1,CD14+ Monocytes
GCTTTGTGTTCACCCA-1,CD14+ Monocytes
GCTTTGTGTTTCGCGC-1,CD14+ Monocytes
GGAAACTCAAGCCAGA-1,CD14+ Monocytes
GGAAACTCACCAAAGG-1,CD4 Memory
GGAAACTCAGGCTTCG-1,CD16+ Monocytes
GGAAACTCAGGTTCAC-1,pDC
GGAACCACAAGGTATA-1,CD14+ Monocytes
GGAACCACAATTGAGA-1,CD4 Naive
GGAACCACACTAGCGT-1,CD4 Memory
GGAACCACAGTAGGTG-1,CD8 Naive
GGAACCTGTAGTCAAT-1,CD8 Naive
GGAAGCTAGGCAAGTA-1,CD8 effector
GGAAGCTAGTTTAACG-1,CD14+ Monocytes
GGAATCTTCATGTCAA-1,CD4 Naive
GGAATCTTCCCATAAA-1,NK cell
GGACAGCCATAATGAG-1,CD8 Naive
GGACAGCCATGTTGTG-1,CD8 Naive
GGACCTCAGGAGTCTT-1,CD14+ Monocytes
GGACCTCAGTAGAGGC-1,Dendritic cell
GGACCTCAGTTAGAGG-1,CD4 Memory
GGACCTCAGTTCCCAC-1,CD4 Naive
GGACGAAGTGCGCATG-1,CD4 Naive
GGACGAAGTGTGTCCC-1,CD16+ Monocytes
GGACGAAGTTGAGCCG-1,CD14+ Monocytes
GGACGGATCCTAAATG-1,CD8 effector
GGACGGATCCTCAGTC-1,CD4 Naive
GGAGCAAGTATTGGTG-1,CD14+ Monocytes
GGAGCATAGAGGGACT-1,CD14+ Monocytes
GGAGGTTAGACTAAGG-1,CD4 Naive
GGAGGTTAGACTTATG-1,CD4 Memory
GGAGGTTAGGCTCATG-1,CD8 Naive
GGAGTCTGTAGCTGGT-1,CD14+ Monocytes
GGAGTCTGTTATCCGT-1,CD8 effector
GGATAACCAAGATTCT-1,CD4 Memory
GGATAACCAATTAGGA-1,CD14+ Monocytes
GGATAACCACTTCACT-1,CD4 Memory
GGATGAATCATGAGCT-1,CD8 Naive
GGATGAATCGTTAACA-1,CD14+ Monocytes
GGATGGCCACACTAAT-1,CD14+ Monocytes
GGATTATGTAAGCTTG-1,B cell progenitor
GGATTATGTTGTTCAC-1,CD4 Memory
GGATTCAGTTACTTCA-1,CD4 Naive
GGATTGCGTGTTTCAC-1,CD4 Naive
GGATTTATCACCGGTA-1,CD4 Naive
GGCAAATCAAGCCAGA-1,CD16+ Monocytes
GGCAAATCAGGATTAA-1,CD16+ Monocytes
GGCAAATCAGGCTACT-1,CD4 Naive
GGCAAATCATAATCGT-1,CD4 Memory
GGCAAATCATTAAGTC-1,CD4 Memory
GGCAAGCCAGTTATCG-1,CD14+ Monocytes
GGCATGGAGCACAGAA-1,CD14+ Monocytes
GGCATGGAGCAGCTCA-1,CD4 Memory
GGCATTAGTCCCGAAG-1,CD14+ Monocytes
GGCATTGTCACTAAGC-1,CD4 Naive
GGCCAACTCCCTGACT-1,CD16+ Monocytes
GGCCAACTCCGCAACA-1,CD14+ Monocytes
GGCCATCAGCGATAAG-1,CD14+ Monocytes
GGCCGTTAGCACTAGT-1,CD4 Naive
GGCCTAATCACGCCAA-1,CD4 Naive
GGCCTAATCATTGTCT-1,CD4 Memory
GGCCTCTGTCACGAAC-1,pDC
GGCCTTAAGGATAAAC-1,pre-B cell
GGCGGTAAGGTCCTAG-1,CD4 Naive
GGCGGTTTCACCTGCT-1,CD14+ Monocytes
GGCGGTTTCCTTTACG-1,CD4 Naive
GGCGTTATCCAGGAAA-1,pDC
GGCGTTATCGAGGTGG-1,CD4 Memory
GGCTAGACAAACGGGC-1,CD4 Naive
GGCTAGACACCTAATG-1,pre-B cell
GGCTAGTGTACGCGCA-1,CD14+ Monocytes
GGCTAGTGTCCAAGAC-1,CD16+ Monocytes
GGCTAGTGTTGTTCAC-1,CD8 Naive
GGCTAGTGTTTAAAGC-1,CD14+ Monocytes
GGCTATGTCTCCTCAA-1,CD16+ Monocytes
GGCTATTAGCAGCTCA-1,CD4 Naive
GGCTATTAGGACTTAC-1,CD4 Naive
GGCTCAATCATCCTAT-1,CD4 Naive
GGCTCAATCATGCGTG-1,CD14+ Monocytes
GGCTCAATCGTTAACA-1,CD8 effector
GGCTCACAGCTACTGG-1,CD4 Memory
GGCTCACAGTTGTCCC-1,CD4 Naive
GGCTCACAGTTTCCTG-1,CD8 effector
GGCTGAGAGACCATAC-1,NK cell
GGCTGAGAGGTCAAAG-1,CD4 Naive
GGCTGTCAGGCTAGAA-1,CD14+ Monocytes
GGCTTCAAGAGAAGGG-1,CD8 Naive
GGGAGTAGTGCTTACT-1,pre-B cell
GGGATAATCCAGGTCA-1,pre-B cell
GGGATAATCCCGTTGT-1,CD4 Memory
GGGATTAAGGCTTAGT-1,NK cell
GGGATTAAGGGACGCA-1,CD8 Naive
GGGCAATAGACTCGCA-1,CD4 Naive
GGGCAATAGGGACTAA-1,CD4 Naive
GGGCATGAGACAAGTG-1,CD4 Naive
GGGCATTGTTGGTTAG-1,CD14+ Monocytes
GGGCCTAGTAAGGTCC-1,CD14+ Monocytes
GGGCCTAGTAGGTGTC-1,CD8 Naive
GGGCGAATCGAAGCGG-1,CD8 Naive
GGGCGAATCGGGATTT-1,NK cell
GGGCTAACAACCTGGT-1,CD8 Naive
GGGCTAACACCTAATG-1,CD14+ Monocytes
GGGTATTTCAGTTCCC-1,CD4 Memory
GGGTATTTCGCTAAGT-1,CD4 Memory
GGGTATTTCGGCTATG-1,CD14+ Monocytes
GGGTCAACACAGAAAC-1,NK cell
GGGTGAAGTACTTAGG-1,CD8 effector
GGGTGAAGTCACAAAT-1,B cell progenitor
GGGTGTTGTTACTTGC-1,B cell progenitor
GGGTGTTGTTAGCTGA-1,CD4 Memory
GGGTGTTGTTTCCACG-1,CD14+ Monocytes
GGGTTACGTAACTACG-1,CD14+ Monocytes
GGGTTACGTGAGGTGA-1,CD14+ Monocytes
GGGTTACGTGATGAGG-1,CD4 Naive
GGGTTATTCCGGTTAG-1,CD14+ Monocytes
GGGTTATTCGACAAAG-1,CD8 Naive
GGGTTTCCACAACAAA-1,CD14+ Monocytes
GGGTTTGTCATCCTCA-1,CD16+ Monocytes
GGTAAACCATTGTCCT-1,CD4 Naive
GGTAACCGTAATGGCC-1,CD4 Naive
GGTAACTTCACCGGTA-1,CD4 Memory
GGTAACTTCTTGAGCG-1,CD14+ Monocytes
GGTAAGGGTGACATAT-1,CD8 Naive
GGTAATTGTTCCGGGA-1,CD14+ Monocytes
GGTACCGGTCATTACC-1,CD14+ Monocytes
GGTACTAGTAAGTCGC-1,CD14+ Monocytes
GGTACTAGTATTCGCT-1,CD4 Naive
GGTACTAGTATTTGCC-1,CD4 Naive
GGTACTAGTCGCAATA-1,CD8 Naive
GGTACTAGTGTTGCAA-1,CD16+ Monocytes
GGTACTAGTTCCATTA-1,CD14+ Monocytes
GGTAGGAGTCACTCGC-1,pre-B cell
GGTAGGAGTGATGAGG-1,CD8 Naive
GGTAGGAGTGTTAGCA-1,CD8 Naive
GGTAGGAGTTAACAGT-1,CD4 Naive
GGTAGGAGTTCCGGCT-1,CD4 Naive
GGTATTGGTGGCTTCC-1,CD8 Naive
GGTATTTCAGGCGATA-1,CD4 Naive
GGTCAAGCAGAGGGAG-1,CD14+ Monocytes
GGTCAAGCAGGACACA-1,CD8 effector
GGTCAAGCAGGTTTGC-1,B cell progenitor
GGTCAATTCCTAAGAC-1,CD14+ Monocytes
GGTCAATTCGTCCTTA-1,CD4 Memory
GGTCAGGAGCGAGTAA-1,CD4 Naive
GGTCAGGAGGGTGAAC-1,CD4 Memory
GGTCATTAGGTGCGGA-1,CD4 Naive
GGTCATTAGTCGCTAG-1,CD4 Memory
GGTCATTAGTGAGAGC-1,CD4 Memory
GGTCCATCAACAGCCT-1,CD14+ Monocytes
GGTCCGTAGGAAGCTA-1,CD4 Memory
GGTCCGTAGTGAACAG-1,B cell progenitor
GGTCGGTTCACTTTAC-1,CD8 Naive
GGTCGGTTCATCAGTA-1,B cell progenitor
GGTCTTGAGGCCGGAA-1,CD14+ Monocytes
GGTCTTGAGGGATGCG-1,CD4 Memory
GGTCTTTGTAACGAGG-1,CD4 Naive
GGTCTTTGTTGGTGAC-1,CD4 Naive
GGTGAGGTCATTACGA-1,CD8 Naive
GGTGAGGTCGGTTTCC-1,CD14+ Monocytes
GGTGAGTAGCGAGTAA-1,CD4 Memory
GGTGATTTCCTCATGC-1,CD14+ Monocytes
GGTGATTTCGGTCATG-1,CD14+ Monocytes
GGTGCTGGTCCTAATC-1,CD4 Naive
GGTGCTTCAAACCTAT-1,CD8 effector
GGTGCTTCAAATATCC-1,CD4 Naive
GGTGCTTCACCGGCTA-1,CD14+ Monocytes
GGTGCTTCACCGTTCC-1,CD16+ Monocytes
GGTGCTTCATTATGCG-1,CD14+ Monocytes
GGTGTGACACCGGTAT-1,CD14+ Monocytes
GGTGTGACACTTCACT-1,CD4 Memory
GGTGTTGTCCTTGCAC-1,CD16+ Monocytes
GGTGTTGTCGAAGCGG-1,CD14+ Monocytes
GGTGTTGTCGAGGAGT-1,CD8 Naive
GGTTAATGTGGATTAT-1,CD14+ Monocytes
GGTTACCCAACAGGTG-1,CD8 effector
GGTTACCCAACGTGCT-1,CD8 Naive
GGTTACCCACAGCCAT-1,CD14+ Monocytes
GGTTACCCATAGACCC-1,CD4 Memory
GGTTACTAGTCACTAA-1,CD14+ Monocytes
GGTTAGCGTGAGACTC-1,CD8 effector
GGTTATATCTAACCTT-1,B cell progenitor
GGTTATGGTGTCCAAA-1,CD8 Naive
GGTTATGGTTCATCTA-1,CD4 Memory
GGTTCCCGTGCTCACC-1,B cell progenitor
GGTTCTTGTAGGTTTG-1,CD4 Memory
GGTTGACGTCCGTGAG-1,CD4 Memory
GGTTGAGCAATTTGGT-1,CD14+ Monocytes
GGTTGCATCTTTGAGA-1,CD4 Memory
GGTTGCGGTCAAGTAT-1,CD4 Naive
GGTTGCGGTTGCTGGG-1,CD4 Memory
GGTTGCTCAAACAACA-1,CD4 Memory
GGTTGCTCAGGACACA-1,CD4 Memory
GGTTGGTGTCTCAGCC-1,CD14+ Monocytes
GGTTGGTGTTTCGCGC-1,CD14+ Monocytes
GGTTTAATCCTTAATC-1,CD8 Naive
GGTTTAATCCTTCGTA-1,CD4 Memory
GGTTTCCTCACATTGA-1,CD14+ Monocytes
GGTTTCCTCGCACACA-1,CD14+ Monocytes
GGTTTCTGTAAGGTCC-1,CD8 effector
GTAAAGCCACCAAAGG-1,CD8 Naive
GTAAGCAAGTGCACGC-1,CD14+ Monocytes
GTAAGCGCAGGACCTT-1,CD8 Naive
GTAAGCTTCATTGCGG-1,CD8 Naive
GTAAGGTCAAGGGTTG-1,CD4 Memory
GTAAGGTCAATTAGGA-1,CD14+ Monocytes
GTAATAGCAAATATCC-1,CD4 Memory
GTAATAGCAACTGGCT-1,Double negative T cell
GTAATAGCAGGAAGCC-1,CD8 effector
GTACACCCAGTCTATG-1,CD4 Memory
GTACCTTGTATTGTCC-1,CD14+ Monocytes
GTACTAGGTATCTGGA-1,CD8 Naive
GTACTAGGTGCTTTAC-1,CD4 Naive
GTACTAGGTTTATGGG-1,CD14+ Monocytes
GTACTGGTCACTAGGT-1,CD14+ Monocytes
GTACTTAAGAGGAGTC-1,CD4 Naive
GTACTTCGTAATGGAA-1,CD8 Naive
GTAGCCATCCGTTAAA-1,CD8 Naive
GTAGCCATCTAATCAG-1,CD4 Naive
GTAGCGCTCACAGCCA-1,pDC
GTAGGAGGTAATGGCC-1,CD14+ Monocytes
GTAGGAGGTGCTGGTG-1,CD4 Naive
GTAGGAGGTGGGAACA-1,CD16+ Monocytes
GTAGGAGGTTGGTTCT-1,CD16+ Monocytes
GTAGGATCAGCTCATA-1,CD14+ Monocytes
GTAGGATCATGTTGCA-1,CD14+ Monocytes
GTAGGATCATTAGGCC-1,CD4 Naive
GTAGGCGAGTAACAGG-1,CD4 Memory
GTAGTTTCAAAGCCTC-1,CD8 Naive
GTATCGCCAGCCTGCA-1,CD8 Naive
GTATGTTCACCTCGCT-1,CD14+ Monocytes
GTATTCAAGCCTGTGA-1,CD14+ Monocytes
GTATTCAAGTTTGGGT-1,CD4 Memory
GTATTGATCCCGAAGC-1,CD8 effector
GTCAAACTCATGCAAC-1,CD14+ Monocytes
GTCAAACTCCGGTTGA-1,CD4 Naive
GTCAATATCCCATAAA-1,CD4 Naive
GTCAATATCTAGCGAT-1,CD4 Naive
GTCAGGCTCGCAGGCT-1,CD4 Naive
GTCATCACACATAGCC-1,CD4 Naive
GTCATCCTCACTTCAT-1,CD14+ Monocytes
GTCATCCTCCTCACAC-1,CD16+ Monocytes
GTCATTAAGCGGGCAA-1,CD14+ Monocytes
GTCATTAAGGCGCTTA-1,CD14+ Monocytes
GTCATTAAGTTAGACC-1,CD14+ Monocytes
GTCCAAGTCAGCACCA-1,CD14+ Monocytes
GTCCGTAAGTTACCGG-1,CD4 Naive
GTCCGTAAGTTCCCGT-1,CD8 Naive
GTCCTCAGTTAGTGAT-1,CD4 Memory
GTCCTCCCAAGGATTA-1,CD8 effector
GTCCTCCCAATAACGA-1,CD14+ Monocytes
GTCCTCCCAATGCCCG-1,CD4 Naive
GTCCTCCCACAGAAAC-1,CD4 Naive
GTCCTCCCACCTGCTC-1,CD4 Memory
GTCCTCCCACTCAACA-1,CD8 Naive
GTCGAAGCATTTGCTC-1,CD16+ Monocytes
GTCGAGGAGCGCAATT-1,CD4 Naive
GTCGAGGAGGCGGGTA-1,CD16+ Monocytes
GTCGAGGAGTTTCCTG-1,CD8 effector
GTCGCAATCATCAGTA-1,CD8 Naive
GTCGCAATCATGCTCC-1,CD8 Naive
GTCGGTTCAATTTGGT-1,CD4 Memory
GTCTAACAGTAACGAG-1,CD14+ Monocytes
GTCTAATCATGTTGGC-1,CD4 Memory
GTCTAGCCAGCTCAAC-1,CD8 Naive
GTCTAGCCAGTTTACG-1,CD8 Naive
GTCTATCGTAAACAAG-1,CD4 Memory
GTCTATCGTGATCAGC-1,CD14+ Monocytes
GTCTATGCAACTAACT-1,CD4 Memory
GTCTATGCATAATGAG-1,CD16+ Monocytes
GTCTATGCATAGCGAG-1,CD4 Memory
GTCTTGCTCCTCAGTC-1,CD4 Memory
GTCTTGCTCGTAATCA-1,CD4 Naive
GTCTTTAGTCACAGCG-1,CD4 Memory
GTCTTTGTCATTGTCT-1,CD14+ Monocytes
GTCTTTGTCCTAATTC-1,NK cell
GTCTTTGTCGGTTACG-1,CD4 Naive
GTGAACAAGCTTAGCG-1,CD8 effector
GTGAATCTCCGGTATG-1,CD8 Naive
GTGATGAAGGAGGACT-1,CD8 Naive
GTGATGAAGGATAAAC-1,CD4 Memory
GTGCAAGCACTAAGTT-1,CD4 Naive
GTGCAAGCAGCCGCTA-1,CD14+ Monocytes
GTGCAAGCATTCCTGT-1,CD14+ Monocytes
GTGCCTTTCAATTACG-1,CD4 Memory
GTGCCTTTCCTGATGG-1,CD14+ Monocytes
GTGCGCAGTAAGCTCA-1,CD8 Naive
GTGCGCAGTGGTTAGC-1,B cell progenitor
GTGCGCAGTTCCTCCT-1,CD4 Naive
GTGCGCAGTTTGCAGA-1,NK cell
GTGCGGTTCAATCTCT-1,CD4 Naive
GTGCGGTTCTCACACC-1,CD14+ Monocytes
GTGCTCCGTCGCAATA-1,CD4 Naive
GTGCTCCGTGCAACTA-1,CD8 Naive
GTGCTCCGTTACCTGT-1,CD8 effector
GTGCTGATCGTTTCCA-1,CD8 Naive
GTGCTGGGTACCTTAC-1,CD8 Naive
GTGCTGGGTCCCGAAG-1,CD14+ Monocytes
GTGCTGGGTCGCGCAA-1,CD14+ Monocytes
GTGCTTACAGTAATAG-1,CD14+ Monocytes
GTGCTTCTCATGTTTC-1,Dendritic cell
GTGCTTCTCATTACAG-1,pre-B cell
GTGCTTCTCTGCAACG-1,CD4 Memory
GTGGACACAATCCCTT-1,CD8 effector
GTGGACACAATCGCAC-1,CD4 Naive
GTGGACACACGGTACT-1,CD14+ Monocytes
GTGGACACATAATCCG-1,CD8 Naive
GTGGATGCAACCCTAA-1,CD4 Memory
GTGGATGCAGTTAAAG-1,NK cell
GTGTAACTCCTGAGTG-1,CD4 Naive
GTGTCCAAGGAAACTG-1,pre-B cell
GTGTCCAAGTTATCCT-1,CD14+ Monocytes
GTGTGAGCAAACAACA-1,CD4 Naive
GTGTGAGCAACACTTG-1,CD4 Naive
GTGTGAGCAGCACGTT-1,CD4 Naive
GTGTGCGGTAACCACA-1,CD4 Naive
GTGTGCGGTATTGTCC-1,CD14+ Monocytes
GTGTGCGGTCGCAAAC-1,CD14+ Monocytes
GTGTGTTAGAAGCTAG-1,CD4 Memory
GTGTGTTAGGTGTCCA-1,CD14+ Monocytes
GTGTGTTAGTTAGAGG-1,CD4 Naive
GTGTTACAGCCTCTGT-1,CD4 Memory
GTGTTACAGTCGCTAG-1,B cell progenitor
GTGTTACAGTTACCGG-1,CD8 Naive
GTGTTCCTCGTGCTTC-1,CD16+ Monocytes
GTGTTCCTCTATCGCC-1,B cell progenitor
GTTAACCAGGGACCTC-1,CD14+ Monocytes
GTTAACGGTACGGTAC-1,NK cell
GTTAACGGTCCGGTTC-1,CD14+ Monocytes
GTTAACGGTCCTAAGA-1,CD4 Naive
GTTAAGCTCTTGCAAA-1,CD14+ Monocytes
GTTAAGTGTTGGTTAG-1,pre-B cell
GTTAATGTCATTATGG-1,CD4 Memory
GTTAATGTCGTTAACA-1,CD4 Memory
GTTACAGGTCATAAGT-1,CD14+ Monocytes
GTTACAGGTGCTAGAC-1,CD14+ Monocytes
GTTACAGGTTGGTGAC-1,CD4 Memory
GTTACTAAGCTTGCTC-1,CD14+ Monocytes
GTTACTAAGGCTTAAC-1,CD4 Memory
GTTACTCGTACCGGAT-1,CD4 Naive
GTTACTCGTCAGTAAT-1,CD4 Naive
GTTACTCGTTAGGACC-1,CD4 Memory
GTTCATTTCTCATCAT-1,CD4 Memory
GTTCCCAGTAATCCCT-1,CD14+ Monocytes
GTTCCCAGTCCAAGAC-1,B cell progenitor
GTTCCTTCAAGCTAAA-1,CD4 Memory
GTTCCTTCAATCATGT-1,CD14+ Monocytes
GTTCCTTCAGGCATCT-1,CD4 Naive
GTTCGCTTCGCTTCTA-1,NK cell
GTTCTTAGTGTTGCTT-1,CD14+ Monocytes
GTTCTTAGTTGTTGCT-1,CD16+ Monocytes
GTTCTTGTCATTTAGG-1,CD14+ Monocytes
GTTGCATAGCCATCAG-1,pre-B cell
GTTGCCCGTTTACCGT-1,CD4 Memory
GTTGCGGGTATGTGGC-1,pDC
GTTGCGGGTCCTGATT-1,CD4 Naive
GTTGCTGAGCTCAAAC-1,CD4 Memory
GTTGCTGAGCTTTGGG-1,CD14+ Monocytes
GTTGCTGAGTAAGTGG-1,CD14+ Monocytes
GTTGGCCAGGGTGGAT-1,CD4 Memory
GTTGGCGGTGCTGTAA-1,CD14+ Monocytes
GTTGGCGGTGGAAGGC-1,CD4 Memory
GTTGTTGCACATTAAC-1,B cell progenitor
GTTGTTGCACGAACAG-1,CD4 Naive
GTTTAACCAAGCGAGC-1,CD4 Memory
GTTTAACCAGTCTATG-1,pDC
GTTTAACCATCATGGC-1,CD4 Naive
GTTTAACCATGCAACC-1,CD4 Naive
GTTTAACCATTTGCTC-1,CD14+ Monocytes
GTTTACCGTTAAGCTG-1,CD14+ Monocytes
GTTTACCGTTTAAAGC-1,CD8 Naive
GTTTAGCAGGTTTGAC-1,CD4 Memory
GTTTATCTCGCTCCAT-1,CD4 Memory
GTTTCAGCATGAATAG-1,CD8 Naive
GTTTCCTCAATGAGGT-1,CD14+ Monocytes
GTTTCTAGTGGAGCAA-1,CD8 effector
GTTTGCTGTATCTGGA-1,CD16+ Monocytes
GTTTGCTGTTGCAATG-1,CD8 Naive
GTTTGTAAGGCCAATT-1,CD14+ Monocytes
GTTTGTCGTTGAGGTC-1,pDC
GTTTGTTTCCGGTATG-1,CD14+ Monocytes
TAAAGCCTCAATGAGG-1,CD8 Naive
TAAAGCCTCGTGCCTT-1,CD4 Memory
TAACAAGCAGCTACGT-1,CD14+ Monocytes
TAACCAGGTACTTAGG-1,CD14+ Monocytes
TAACCGGTCATGCTTT-1,pre-B cell
TAACCGGTCATTAGTG-1,CD14+ Monocytes
TAACCGGTCTGTGCAG-1,CD8 effector
TAACCTAAGGATCACT-1,Dendritic cell
TAACCTAAGTAGCGGG-1,CD14+ Monocytes
TAAGCCAGTAAGCACC-1,CD14+ Monocytes
TAAGCCAGTACAAAGA-1,CD14+ Monocytes
TAAGCCTAGACAGGCG-1,CD4 Memory
TAAGCTGGTTAATGCG-1,CD8 Naive
TAAGCTGGTTAGGATT-1,CD4 Naive
TAAGCTGGTTATCGAG-1,CD16+ Monocytes
TAAGGACCACCTGGTG-1,CD14+ Monocytes
TAAGGACCATAGCGGA-1,CD14+ Monocytes
TAAGGCTTCACGCATG-1,CD14+ Monocytes
TAAGGCTTCAGGGCCT-1,CD14+ Monocytes
TAAGGCTTCATAATCG-1,CD14+ Monocytes
TAAGGCTTCGGCTATG-1,CD14+ Monocytes
TAAGGCTTCTTGCATT-1,CD14+ Monocytes
TAAGTAGCATTATGCG-1,CD4 Memory
TAATCCGCAAACGCGA-1,CD14+ Monocytes
TAATGCATCCGCAACA-1,CD14+ Monocytes
TAATGCATCCGCCTAT-1,CD8 effector
TAATGGACATAGGCGA-1,CD14+ Monocytes
TAATGGTGTAGCAGCT-1,CD8 effector
TAATGGTGTGTGTCCC-1,Dendritic cell
TAATTGCCAAATGCCC-1,pre-B cell
TAATTGCCAAGGTACG-1,B cell progenitor
TAATTGCCACCTGCTC-1,CD4 Memory
TACAAGCTCGAGCAAA-1,CD14+ Monocytes
TACAATGTCATCAGTA-1,CD4 Memory
TACAATGTCGAAGTAG-1,CD14+ Monocytes
TACAGCTAGCTCCTTA-1,CD4 Memory
TACATCAAGGGCTTAT-1,CD4 Naive
TACATCAAGGTACCGC-1,B cell progenitor
TACCCGGCAATGCCTA-1,CD4 Naive
TACCCGGCACTTAACG-1,CD14+ Monocytes
TACCGAAGTTGCCTCA-1,CD8 effector
TACCGAAGTTGGGTTA-1,CD8 Naive
TACCGCAAGACTCGCA-1,CD4 Memory
TACCGCAAGGCGAAAC-1,CD4 Naive
TACCGTTGTGATTTGG-1,CD4 Naive
TACCGTTGTGTAATAC-1,CD16+ Monocytes
TACCTCATCCGCAACA-1,CD4 Naive
TACCTGCTCCCTTGCG-1,CD4 Naive
TACCTTAGTTCAAGCA-1,CD4 Naive
TACCTTAGTTGCGGAT-1,CD14+ Monocytes
TACCTTTAGGACAACA-1,NK cell
TACCTTTAGGCTGTGC-1,B cell progenitor
TACCTTTAGGTGAAAT-1,CD4 Memory
TACCTTTAGGTGTCCA-1,CD14+ Monocytes
TACCTTTAGTCTTGAA-1,CD4 Memory
TACGCACCATGTTTGG-1,CD4 Memory
TACGGATTCTAACCTT-1,CD14+ Monocytes
TACGGTTAGCTTAACA-1,CD4 Naive
TACGTAATCAAATCGC-1,CD8 effector
TACGTAATCCTGCGAA-1,CD4 Memory
TACGTACAGTTAGTGC-1,CD14+ Monocytes
TACGTACAGTTAGTTG-1,CD8 Naive
TACTAAGTCCAATAGC-1,CD14+ Monocytes
TACTAAGTCTTTAAGG-1,CD14+ Monocytes
TACTCGCTCCTCCATA-1,CD4 Naive
TACTGAGGTTAATGCG-1,CD4 Memory
TACTGCACAAACTAAG-1,CD4 Memory
TACTGCACAGCAACCT-1,CD14+ Monocytes
TACTGGCCAGCTTAAT-1,CD14+ Monocytes
TACTGGCCATAATGTC-1,CD4 Naive
TACTGGCCATCAGTAT-1,NK cell
TACTTGTTCATGGTTA-1,CD14+ Monocytes
TACTTGTTCCGCCTAT-1,CD8 effector
TAGAGCCGTGATTACG-1,NK cell
TAGCAGGCAAGGTACG-1,CD14+ Monocytes
TAGCAGGCAAGTTATC-1,CD14+ Monocytes
TAGCAGGCATAATCAC-1,CD4 Memory
TAGCAGGCATAGACTT-1,CD16+ Monocytes
TAGCATATCCGGTATG-1,CD14+ Monocytes
TAGCATATCGGTTAGT-1,CD8 Naive
TAGCCGGGTCAGGAAG-1,CD8 Naive
TAGCCTCTCGTAACGT-1,CD4 Memory
TAGCCTCTCGTGCCTT-1,CD4 Memory
TAGCCTGAGGAGCACG-1,CD14+ Monocytes
TAGCCTTGTCATAACG-1,CD14+ Monocytes
TAGCGCGGTACGCGCA-1,CD4 Memory
TAGCGCGGTTGCCTCA-1,CD8 effector
TAGCGGACAGGACCTT-1,CD4 Memory
TAGCGGCTCAGCAAGA-1,CD4 Naive
TAGCGGCTCATTCATC-1,CD4 Naive
TAGCGGCTCCGCCAAA-1,CD14+ Monocytes
TAGCGGCTCTCCATGC-1,CD14+ Monocytes
TAGCTAATCACGTTAA-1,CD8 Naive
TAGCTAATCATGCGTG-1,NK cell
TAGCTAATCTCCATAT-1,CD14+ Monocytes
TAGCTAGGTACGCGCA-1,pre-B cell
TAGCTAGGTTGCAATG-1,CD14+ Monocytes
TAGCTTAAGGCGCTAC-1,CD8 Naive
TAGCTTAAGGTCCAAT-1,CD4 Memory
TAGCTTGCAAGGAATC-1,CD14+ Monocytes
TAGCTTGCATCAATCG-1,CD4 Memory
TAGGAACCAGCAGGTA-1,CD8 Naive
TAGGAGGGTTACAACG-1,CD4 Memory
TAGGAGGGTTATCGAG-1,CD8 Naive
TAGGAGTCATCGCTCC-1,CD4 Memory
TAGGAGTCATTGTGGC-1,CD14+ Monocytes
TAGGCTGTCAATGAGG-1,CD16+ Monocytes
TAGGCTGTCAATTGGC-1,Double negative T cell
TAGGCTGTCGAGCTAT-1,CD14+ Monocytes
TAGGCTTAGAGAGGAG-1,CD4 Memory
TAGGCTTAGGAAACTG-1,CD8 effector
TAGGCTTAGGTGAGAC-1,NK cell
TAGGGTTTCAGGTCCA-1,CD4 Memory
TAGGGTTTCGCATCCT-1,CD4 Memory
TAGGTTATCTTGAGCG-1,CD8 Naive
TAGTAACGTGTGTGGT-1,CD4 Memory
TAGTAACGTTCACCAT-1,CD8 effector
TAGTAACGTTGTTGTC-1,CD4 Naive
TAGTAAGCATCCCGCT-1,Double negative T cell
TAGTACGGTGGATTGC-1,CD4 Memory
TAGTACGGTTAAGCCA-1,CD4 Memory
TAGTAGGAGAACCTGT-1,CD4 Memory
TAGTCAATCGTTCACC-1,CD14+ Monocytes
TAGTGGCGTCTATCGT-1,NK cell
TAGTGGCGTGTCCAGG-1,NK cell
TAGTGTGGTCGACTCC-1,CD8 Naive
TAGTGTGGTTGTAAAC-1,CD4 Naive
TAGTTGTCAATGAATG-1,CD8 effector
TAGTTGTCACCGGTAT-1,CD14+ Monocytes
TAGTTTGAGCACAGAA-1,CD4 Naive
TATAACCCACTTACAG-1,CD8 effector
TATAACCCATTAAAGG-1,NK cell
TATAGCCAGCTTAGTA-1,CD4 Naive
TATAGGTGTACTGAAT-1,pDC
TATATCCTCATTAGCA-1,CD14+ Monocytes
TATCACAAGCAAGGGT-1,CD14+ Monocytes
TATCACAAGTTTGCGG-1,CD14+ Monocytes
TATCACGCAAGGTACG-1,CD4 Naive
TATCCAGCACAAAGCG-1,CD8 Naive
TATCGAGGTTGTAAAC-1,CD8 Naive
TATCGAGGTTTATCTG-1,CD4 Memory
TATCGCACAAGTGAAC-1,B cell progenitor
TATCGCGAGGATCACT-1,CD4 Naive
TATGAAGCAATAATCC-1,CD14+ Monocytes
TATGACTCACTTAACG-1,CD4 Naive
TATGACTCAGGATTAA-1,CD16+ Monocytes
TATGACTCAGTTTGTG-1,CD4 Naive
TATGCATCAACTGGCT-1,CD14+ Monocytes
TATGCATCATGTTTGG-1,CD4 Memory
TATGGATGTGCTTTAC-1,CD14+ Monocytes
TATGGATGTGGACCTG-1,NK cell
TATGGCCCAAATTCGT-1,CD8 Naive
TATGGCCCATAGCGGA-1,CD16+ Monocytes
TATGGGCGTCACCTAT-1,NK cell
TATGGGCGTGGACATC-1,CD8 effector
TATGGGCGTTACCTGT-1,CD4 Memory
TATGGGCGTTAGCTGA-1,B cell progenitor
TATGGGCGTTCCGCAC-1,CD4 Memory
TATGGTCAGTGAGCAA-1,CD14+ Monocytes
TATGTGATCCACCTTA-1,B cell progenitor
TATGTGATCCTAGTCC-1,CD4 Memory
TATGTGATCGGTAACT-1,B cell progenitor
TATTAGCCAATTGACT-1,CD4 Memory
TATTAGCCAGCAAATA-1,CD14+ Monocytes
TATTAGCCATGTTGTG-1,CD14+ Monocytes
TATTAGCCATTGTGTG-1,CD8 effector
TATTAGGTCCCGTTGT-1,CD4 Memory
TATTAGGTCGCTAGTG-1,CD4 Naive
TATTCGTTCTTGCAAA-1,CD4 Memory
TATTGACCAGGCATGA-1,CD14+ Monocytes
TATTGACCAGGCTAGA-1,CD14+ Monocytes
TATTGACCATGAGTTT-1,CD16+ Monocytes
TATTTGCTCACAGGAA-1,CD8 Naive
TATTTGCTCCTAACGG-1,CD4 Naive
TATTTGCTCGTTCACC-1,CD4 Naive
TATTTGCTCTAAATCG-1,CD4 Memory
TATTTGCTCTGTGCAG-1,CD4 Memory
TATTTGGAGTTTGGTA-1,B cell progenitor
TCAACAATCATCGTTT-1,NK cell
TCAACAATCCAAGTTA-1,CD8 effector
TCAACAATCTACTAAG-1,CD4 Memory
TCAAGAACATGACTAT-1,CD8 Naive
TCAAGAACATTGTGAT-1,CD14+ Monocytes
TCAAGACTCTCCATAT-1,CD4 Naive
TCAAGCTAGCATTAGC-1,CD4 Memory
TCAAGCTAGTTAGGCT-1,CD8 Naive
TCAAGGAAGCACTAAC-1,CD14+ Monocytes
TCAAGGAAGTCACTCC-1,CD14+ Monocytes
TCAAGGAAGTTATTCC-1,CD14+ Monocytes
TCAAGGTTCCCTCTAA-1,CD4 Memory
TCAAGTATCAGCAAGA-1,CD4 Naive
TCAAGTATCCTGCGAA-1,CD8 effector
TCAATCGCAATATACC-1,CD4 Naive
TCAATCGCATACCCGG-1,CD14+ Monocytes
TCAATCGCATGCTTAG-1,CD8 Naive
TCAATCGCATTGCAGC-1,pre-B cell
TCACATAAGCCTGTTC-1,CD14+ Monocytes
TCACATAAGTTCCCGT-1,Dendritic cell
TCACCGGCAACTAGAA-1,CD14+ Monocytes
TCACCGGCACGGTTTA-1,CD4 Naive
TCACCTGGTGTTTGCT-1,CD14+ Monocytes
TCACGGATCCGGCTAA-1,CD8 Naive
TCACTGACATTATCCC-1,CD14+ Monocytes
TCAGCAAGTAATCACG-1,CD14+ Monocytes
TCAGCCTTCACGAATC-1,CD8 Naive
TCAGCCTTCCACAATA-1,CD8 Naive
TCAGCCTTCCCTGACT-1,CD16+ Monocytes
TCAGCCTTCGAGGTGG-1,CD8 effector
TCAGCCTTCTTTAAGG-1,B cell progenitor
TCAGCGATCCTTGCAC-1,CD14+ Monocytes
TCAGGAGCAACCCTAA-1,CD4 Memory
TCAGGAGCAATCCTGA-1,CD14+ Monocytes
TCAGGAGCATGGCCCA-1,CD14+ Monocytes
TCAGGTCCACAGGAAT-1,B cell progenitor
TCAGGTCCATCTTGAG-1,B cell progenitor
TCAGGTTAGCTAATCA-1,B cell progenitor
TCAGGTTAGCTATATG-1,CD14+ Monocytes
TCAGTGAGTAATGACT-1,Double negative T cell
TCAGTGAGTTAATGAC-1,CD14+ Monocytes
TCATAACCAAGCCACT-1,CD4 Memory
TCATAACCAAGCCAGA-1,CD14+ Monocytes
TCATACTTCATTTGTC-1,CD8 Naive
TCATACTTCTAACCAA-1,CD4 Memory
TCATACTTCTCTAGCC-1,CD8 Naive
TCATACTTCTTGCAGG-1,CD4 Memory
TCATCCATCAGCCAAT-1,CD8 effector
TCATCCATCCCGTTGT-1,CD8 Naive
TCATCCATCTTGCAAA-1,CD14+ Monocytes
TCATGCCTCACAGCCA-1,CD4 Memory
TCATGCCTCGTGCTTC-1,NK cell
TCATGTTTCATAGCCG-1,CD8 effector
TCATTACTCCCTCAGT-1,CD4 Memory
TCATTACTCTGCAAGT-1,CD14+ Monocytes
TCATTACTCTTAGTGA-1,CD4 Naive
TCATTGCGTAATCGTG-1,CD14+ Monocytes
TCATTGCGTTAGCAGC-1,CD4 Memory
TCATTTGGTAATTAGC-1,CD14+ Monocytes
TCATTTGGTCACAGCG-1,CD4 Memory
TCCACAACAGTTTACG-1,CD4 Naive
TCCAGCAAGGCTGTCA-1,pre-B cell
TCCAGGTCAAGGTCCT-1,pre-B cell
TCCATAAAGATTGAGG-1,B cell progenitor
TCCATCATCCAATTAG-1,CD14+ Monocytes
TCCATGCTCATGCGTG-1,CD14+ Monocytes
TCCATGCTCGGGATTT-1,CD14+ Monocytes
TCCATGCTCTCAATGA-1,CD8 Naive
TCCCGGACAGCTACGT-1,CD4 Naive
TCCCGTTAGGGACCTC-1,NK cell
TCCCTCACAAATACCT-1,CD4 Memory
TCCCTCACAAGTGTTT-1,CD8 Naive
TCCCTCACAATAATGG-1,CD4 Memory
TCCCTCACATGAATCT-1,CD14+ Monocytes
TCCCTGGTCTAATCAG-1,CD14+ Monocytes
TCCGCCATCACTAATG-1,CD14+ Monocytes
TCCGCCATCTGTTGCC-1,CD14+ Monocytes
TCCGGAATCATGCTAA-1,CD4 Memory
TCCGGTAAGCTGTACG-1,CD14+ Monocytes
TCCGGTTTCGAGGTGG-1,CD16+ Monocytes
TCCTAGTGTGGAAACG-1,CD16+ Monocytes
TCCTCAATCGACCTGA-1,CD4 Naive
TCCTCAATCGGGCCAT-1,CD14+ Monocytes
TCCTCAATCTTCAATC-1,CD14+ Monocytes
TCCTCACAGACAACGA-1,CD4 Memory
TCCTCACAGATACTTG-1,CD4 Memory
TCCTCACAGCCTGGTA-1,CD4 Memory
TCCTCACAGTGCTGTG-1,CD4 Naive
TCCTCACAGTTGGATC-1,CD4 Memory
TCCTCTAAGCTGTCAG-1,CD8 Naive
TCCTCTAAGGGATTAG-1,CD4 Naive
TCCTCTAAGGGTGGAT-1,CD4 Naive
TCCTGTTCAGCAACCT-1,CD8 Naive
TCCTTAGTCCCGAAGC-1,CD14+ Monocytes
TCCTTAGTCCGGTATG-1,pre-B cell
TCCTTAGTCTCCTCTT-1,CD4 Memory
TCCTTCAAGGCCTTAG-1,CD4 Naive
TCCTTGCAGGTCTTGG-1,CD8 effector
TCCTTGCAGTACCGCA-1,CD4 Memory
TCCTTGCAGTTCCCAC-1,CD14+ Monocytes
TCCTTTACAGCACCAT-1,CD4 Memory
TCCTTTACAGTAAGTA-1,CD14+ Monocytes
TCGACAAGTAATAACC-1,CD4 Naive
TCGATTAAGGTCCTGA-1,CD4 Naive
TCGCATTGTACGTTTC-1,CD14+ Monocytes
TCGCATTGTCTAACAG-1,CD4 Naive
TCGCATTGTGTTGTAG-1,CD14+ Monocytes
TCGCCCATCCCATAGG-1,CD4 Naive
TCGCCCATCCTAGTTT-1,CD8 Naive
TCGCCCATCGGGACCT-1,CD14+ Monocytes
TCGCGAGGTACAAAGA-1,CD14+ Monocytes
TCGCGAGGTATTGGTG-1,CD8 Naive
TCGCGCACACCATATG-1,CD4 Naive
TCGCGCACACTCAACA-1,CD4 Naive
TCGCGCACAGCAAGTG-1,pDC
TCGCGCACATAGCTTG-1,CD16+ Monocytes
TCGCGCACATGTTGGC-1,B cell progenitor
TCGGTAAGTATTGTCC-1,CD14+ Monocytes
TCGGTAAGTCGCAAAC-1,CD8 Naive
TCGGTTACAATGAATG-1,CD4 Naive
TCGGTTTGTAATCACG-1,CD8 effector
TCGTAATCAGCCTAAC-1,pre-B cell
TCGTAATCATGCATAT-1,CD4 Naive
TCGTCAACAAAGCTAA-1,CD4 Naive
TCGTCAACAAGGGTTG-1,CD14+ Monocytes
TCGTCAACAGCAAATA-1,CD8 Naive
TCGTGCTTCCCGAACA-1,CD14+ Monocytes
TCGTTACGTGCAACTA-1,CD4 Memory
TCGTTAGCAGCTAATT-1,CD8 Naive
TCGTTAGCAGGCCTTG-1,CD14+ Monocytes
TCGTTAGCATGAATAG-1,CD8 effector
TCGTTATTCACCGGTA-1,CD4 Naive
TCGTTTCCAGCTTAAT-1,CD4 Naive
TCTAACCGTCACCTAT-1,CD4 Memory
TCTAACCGTTTAACGG-1,CD4 Memory
TCTAACCGTTTCGCCA-1,CD4 Memory
TCTACCTCAATGCGCT-1,CD4 Naive
TCTACCTCAGTCTAGC-1,B cell progenitor
TCTACCTCATGACTAT-1,CD14+ Monocytes
TCTAGCACACAAAGGT-1,CD14+ Monocytes
TCTAGCACAGGGAGGA-1,CD14+ Monocytes
TCTAGCACATTATGGT-1,Dendritic cell
TCTAGCCTCACCGGTA-1,CD14+ Monocytes
TCTAGCGAGATAGACG-1,CD4 Naive
TCTAGCGAGGAGTAAT-1,CD8 effector
TCTATGTTCATTGCAA-1,CD4 Memory
TCTCAAGCAAGGTCGA-1,CD4 Naive
TCTCAAGCACGTGCTG-1,CD8 effector
TCTCAAGCATTAGGTT-1,CD8 effector
TCTCAATTCATGCCTC-1,CD14+ Monocytes
TCTCACCAGAGGCTAA-1,CD4 Memory
TCTCACCAGCCATCAG-1,CD8 effector
TCTCACCAGTAATCCA-1,CD8 Naive
TCTCACCAGTATTGCA-1,CD8 effector
TCTCACCAGTGAACGA-1,CD8 Naive
TCTCCTCGTGATGAGG-1,CD4 Naive
TCTCCTCGTTAACAGT-1,CD8 Naive
TCTCGCCCAAACTGTT-1,pDC
TCTCGCCCAATTGAGA-1,CD8 Naive
TCTCGCCCACCTCAGG-1,CD4 Naive
TCTGGCTTCGGTTTGG-1,pre-B cell
TCTGTGACATTAGGTT-1,CD8 effector
TCTTCAAGTGTTGTGA-1,CD14+ Monocytes
TCTTGACGTGAGCACT-1,pre-B cell
TCTTGACGTTGTTGTC-1,CD14+ Monocytes
TCTTGTCCAATAACGA-1,pre-B cell
TCTTTGTAGTCATTTC-1,CD4 Memory
TGAAACTGTGACATAT-1,CD4 Naive
TGAACAACACCAGGTT-1,CD8 Naive
TGAACAGAGTATTGGC-1,pre-B cell
TGAAGCAAGCTTCTCA-1,CD8 Naive
TGAAGGATCCGGTTGA-1,CD4 Naive
TGAAGTGAGCACAGAA-1,NK cell
TGACTCCTCCTTCGTA-1,CD8 Naive
TGACTCCTCTTAGTCT-1,CD4 Memory
TGACTTAAGAGAGGAG-1,CD4 Memory
TGACTTAAGGTCCTGA-1,NK cell
TGACTTCGTACTTCAC-1,CD14+ Monocytes
TGAGAACCAAGCCAGA-1,CD14+ Monocytes
TGAGAACCAGGATAAC-1,CD14+ Monocytes
TGAGAACCAGTAAGTA-1,CD14+ Monocytes
TGAGCACGTTAGAGGG-1,CD4 Memory
TGAGCCGGTAGGTTTG-1,CD4 Memory
TGAGCCGGTCCCGAAG-1,CD14+ Monocytes
TGAGCCGGTTGTCATC-1,CD4 Naive
TGAGCTTAGCTTAGCG-1,NK cell
TGAGGAGGTGACATAT-1,CD8 Naive
TGAGGGAGTCAATACG-1,CD8 Naive
TGAGGTGCACAGGATG-1,CD4 Naive
TGAGGTGCAGGAACAT-1,pre-B cell
TGAGTGAAGCAAGGTA-1,B cell progenitor
TGAGTGAAGTTCCTGC-1,NK cell
TGAGTTTCAAATACCT-1,CD4 Naive
TGAGTTTCAGGTTACC-1,CD8 Naive
TGAGTTTCATAGCGGA-1,CD4 Naive
TGATCAATCATCCTGC-1,CD14+ Monocytes
TGATCAATCCCGTTAC-1,CD4 Naive
TGATCAATCGAGCTAT-1,CD14+ Monocytes
TGATCAATCTTAGTCT-1,CD4 Naive
TGATCACAGGAAACTG-1,CD8 Naive
TGATCACAGTAATCCA-1,CD4 Naive
TGATCAGGTACGTTTC-1,CD14+ Monocytes
TGATCAGGTATTGTGG-1,CD14+ Monocytes
TGATCCTGTGTAACCA-1,CD4 Naive
TGATCGAGTAGACAAA-1,pre-B cell
TGATCGAGTGGATGTC-1,CD8 Naive
TGATGAACAAGGTACG-1,CD14+ Monocytes
TGATGAACAGCCTGCA-1,CD8 Naive
TGATGACTCCTTCGTA-1,CD8 effector
TGATGATGTAGCTAAT-1,CD4 Memory
TGATGATGTATTGTGG-1,CD14+ Monocytes
TGATGATGTCTTTGAC-1,CD14+ Monocytes
TGATTAGTCAGCACGC-1,CD4 Naive
TGATTAGTCATAACCA-1,CD4 Memory
TGATTAGTCGGGACTC-1,CD8 effector
TGATTAGTCTACCTGC-1,CD8 Naive
TGATTCAAGGGATGAC-1,CD4 Memory
TGCAAGCGTTACTAGG-1,CD4 Naive
TGCAATATCCTCATGC-1,CD4 Naive
TGCACTTGTCTTGCAT-1,CD14+ Monocytes
TGCACTTGTTAGAGGG-1,CD4 Naive
TGCAGGCTCCTAAGTA-1,CD14+ Monocytes
TGCATCCTCTTTGTAC-1,NK cell
TGCATTAAGATAACCC-1,pDC
TGCCATTGTCCGTAGG-1,CD8 Naive
TGCCATTGTTGCATCT-1,Dendritic cell
TGCCGGTAGCGAGGTG-1,CD4 Memory
TGCCGGTAGCTGAGGG-1,CD4 Memory
TGCCGGTAGGATCCGC-1,CD8 Naive
TGCGATTAGCCTAATA-1,B cell progenitor
TGCGCAGGTCAAACTG-1,CD14+ Monocytes
TGCGGTTCATTATGGT-1,CD8 effector
TGCTAGCCAAGGTATA-1,CD14+ Monocytes
TGCTATGCAACTAGAA-1,CD4 Memory
TGCTATGCATAGGCGA-1,CD14+ Monocytes
TGCTATGCATGATTGT-1,CD14+ Monocytes
TGCTCAACAGCTCATA-1,CD14+ Monocytes
TGCTCACTCCCTGGAA-1,CD4 Naive
TGCTCACTCGCAGGCT-1,CD14+ Monocytes
TGCTCCGTCAGCTAAC-1,CD14+ Monocytes
TGCTCTCAGCAATAGG-1,CD8 effector
TGCTTAAAGTGAGCAA-1,CD8 effector
TGCTTCATCCTTCGTA-1,CD16+ Monocytes
TGCTTCATCGCTAGAT-1,CD8 effector
TGCTTTAGTGTTAAAC-1,CD16+ Monocytes
TGCTTTAGTTTCCGGC-1,CD4 Naive
TGGAACAAGTTCCTGC-1,CD8 effector
TGGACAAAGGTCCACA-1,CD14+ Monocytes
TGGACAAAGTGGCGGA-1,CD8 Naive
TGGACCGGTGCTCACC-1,Double negative T cell
TGGACCGGTGTGCAAC-1,CD4 Memory
TGGACCGGTTGCGGAT-1,NK cell
TGGACGGAGTAACGAG-1,CD4 Memory
TGGACGGAGTTACCGG-1,CD14+ Monocytes
TGGACTAGTCACCTAT-1,CD8 Naive
TGGATTCAGCCTGAGC-1,CD8 Naive
TGGATTCAGGCATTAC-1,CD8 effector
TGGATTGGTAGACAAA-1,B cell progenitor
TGGATTGGTCCACAAA-1,CD8 Naive
TGGCCAATCTAACTGA-1,CD4 Memory
TGGCCATCAAACCTTG-1,Double negative T cell
TGGCCATCACCATATG-1,CD8 effector
TGGCCATCACCGGCTA-1,pre-B cell
TGGCCATCATTGCGAC-1,CD16+ Monocytes
TGGCCTGCAACAGGTG-1,CD4 Memory
TGGCCTTTCTCACTCA-1,CD4 Naive
TGGCCTTTCTTGAGGT-1,CD8 Naive
TGGCGGTTCCGCCTAT-1,CD14+ Monocytes
TGGCTAAGTTGGTTCT-1,CD4 Memory
TGGCTTTGTCACCTAT-1,CD14+ Monocytes
TGGCTTTGTTTATGGG-1,B cell progenitor
TGGGCATGTAATGGAA-1,CD4 Naive
TGGGCATGTCTTTGAC-1,CD14+ Monocytes
TGGGCATGTGAGCACT-1,pre-B cell
TGGGCCTAGCCGCTTT-1,CD4 Memory
TGGTCAGTCGTTAGTA-1,CD8 Naive
TGGTCAGTCGTTTCTG-1,B cell progenitor
TGGTCATAGCACGTTG-1,pre-B cell
TGGTCATAGCGGGCAA-1,CD8 Naive
TGGTCATAGTTATTCC-1,CD4 Naive
TGGTCCTTCAGGATGA-1,NK cell
TGGTGATTCCGTTATT-1,NK cell
TGGTGCATCGTCATTT-1,CD8 Naive
TGGTTAATCAAGCGCC-1,CD4 Naive
TGGTTAATCAGCACCA-1,CD14+ Monocytes
TGGTTAATCCGGTTGA-1,CD4 Naive
TGGTTAATCCGTCCAT-1,CD14+ Monocytes
TGGTTAATCCTAAGAC-1,pre-B cell
TGGTTCTGTTCCTGTG-1,CD14+ Monocytes
TGTAAAGCAAGCTAAA-1,pre-B cell
TGTAAAGCAATTGAGA-1,B cell progenitor
TGTAAAGCAGCTCATA-1,CD16+ Monocytes
TGTAACTCACCAGGTT-1,NK cell
TGTAAGCTCCAAGTGT-1,CD14+ Monocytes
TGTAAGTGTCAAGTAT-1,CD4 Memory
TGTAAGTGTCCTTAGT-1,CD14+ Monocytes
TGTAAGTGTTCGCTTG-1,CD14+ Monocytes
TGTAATGTCACAGCCA-1,CD14+ Monocytes
TGTATCCGTTCACCCA-1,CD8 Naive
TGTATCGCAGTACCGT-1,pre-B cell
TGTCAATCAAGCCACT-1,B cell progenitor
TGTCAATCATCGTTCT-1,CD14+ Monocytes
TGTCAATCATGTCAAT-1,CD4 Memory
TGTCATAAGGTCATTA-1,CD16+ Monocytes
TGTCATAAGGTCCACA-1,CD14+ Monocytes
TGTCATAAGGTTTGCG-1,CD14+ Monocytes
TGTCCTGGTAGGTTGC-1,CD14+ Monocytes
TGTCCTGGTTCGCGCT-1,B cell progenitor
TGTCCTTCAAAGCGCA-1,CD14+ Monocytes
TGTCCTTCAAGTGAAC-1,CD14+ Monocytes
TGTCCTTCAATAGTCT-1,CD14+ Monocytes
TGTGCACCAATATACC-1,CD8 effector
TGTGCACCATTGTGTG-1,CD14+ Monocytes
TGTGCGCAGTAAGTGG-1,CD4 Memory
TGTGCGGGTGATGAGG-1,CD14+ Monocytes
TGTGCTGAGCGCTCAA-1,CD4 Memory
TGTGTTAAGAACCTGT-1,CD14+ Monocytes
TGTGTTAAGGAATAAC-1,CD14+ Monocytes
TGTGTTAAGGGATTAG-1,CD14+ Monocytes
TGTGTTAAGTAAGGGC-1,CD4 Naive
TGTTACTTCGCTAGAT-1,pre-B cell
TGTTATGAGCTCAATA-1,CD4 Memory
TGTTCATTCCAAATCA-1,CD14+ Monocytes
TGTTGCACAATTGAGA-1,CD4 Memory
TGTTGCACAGCCAGAA-1,CD8 Naive
TGTTGCACAGTTTACG-1,CD14+ Monocytes
TGTTGCACATTATGGT-1,CD8 Naive
TGTTGGCCATCTTGAG-1,CD8 Naive
TGTTGTAAGGCATGTT-1,CD4 Memory
TGTTGTAAGTAACCAC-1,CD8 Naive
TGTTGTGCAAGGATTA-1,CD14+ Monocytes
TGTTGTGCACCTGCCT-1,CD4 Memory
TGTTGTGCATTGTGTG-1,CD4 Naive
TGTTGTTTCATAACGC-1,NK cell
TGTTGTTTCATTTAGG-1,CD4 Memory
TGTTTGTTCTACCTGC-1,CD14+ Monocytes
TTAAAGGCATAACGGG-1,CD8 Naive
TTAAGCCAGACAACGA-1,CD4 Naive
TTAAGCCAGCTATGAC-1,CD14+ Monocytes
TTAAGGACACCAAAGG-1,CD8 effector
TTAAGGACAGGTTCAC-1,CD4 Memory
TTAAGGACATTGACAT-1,B cell progenitor
TTAAGGTGTGCTAGCG-1,CD4 Naive
TTAAGGTGTTGAGCCG-1,CD16+ Monocytes
TTAATCGAGCCGCTTT-1,CD4 Memory
TTACACCGTATTGTGG-1,NK cell
TTACACCGTTAACGGC-1,Double negative T cell
TTACACCGTTGGTTAG-1,CD4 Memory
TTACAGCAGTGAGCAA-1,CD8 Naive
TTACCGTGTCATCAAG-1,CD4 Memory
TTACCGTGTTAGACCA-1,CD4 Memory
TTACCGTGTTCACCAT-1,CD14+ Monocytes
TTACCTGTCTCACTCA-1,CD14+ Monocytes
TTACCTGTCTTTAGGA-1,CD14+ Monocytes
TTACGTTTCAAACTCA-1,CD14+ Monocytes
TTAGAAGCACTTAGGC-1,CD14+ Monocytes
TTAGACTCACAGGAAT-1,CD14+ Monocytes
TTAGCAGGTGGATTGC-1,CD14+ Monocytes
TTAGCGGTCAGCACCA-1,CD4 Naive
TTAGCTGCAAGCTTAT-1,CD14+ Monocytes
TTAGCTGCACCTCAGG-1,CD8 effector
TTAGCTGCAGGTTAAA-1,pre-B cell
TTAGCTGCATTGCGAC-1,CD14+ Monocytes
TTAGGATGTAAGTCGC-1,CD8 effector
TTAGGATGTCCGTAGG-1,CD4 Naive
TTAGGATGTTCCGGGA-1,CD4 Naive
TTAGGATGTTGCATCT-1,CD4 Naive
TTAGGCCCACTTACAG-1,CD4 Naive
TTAGGCGTCCTAATGA-1,B cell progenitor
TTAGGCTAGCTATTGA-1,CD14+ Monocytes
TTAGTCAAGCCTCTCG-1,B cell progenitor
TTATAGCCAGCTTACA-1,CD14+ Monocytes
TTATAGCCAGGCGATA-1,CD4 Naive
TTATCCGTCCAGGTCA-1,CD14+ Monocytes
TTATCCTAGGCATTAC-1,CD4 Memory
TTATCCTAGGGATTAG-1,CD14+ Monocytes
TTATCCTAGTTAGACC-1,CD4 Memory
TTATGACCAACTAGGG-1,CD4 Memory
TTATGACCATTTAAGC-1,CD14+ Monocytes
TTATGCGCAGTTTACG-1,CD4 Naive
TTATGCGCATTATGGT-1,CD4 Memory
TTATTGCTCAATCATG-1,CD4 Memory
TTATTGCTCATTTAGG-1,CD8 effector
TTATTGCTCTGCAACG-1,CD4 Memory
TTCAACCGTTACGCAA-1,CD14+ Monocytes
TTCAACCGTTGTTGTC-1,CD8 Naive
TTCACTGTCTCGACCT-1,CD8 Naive
TTCACTGTCTTTGAGA-1,pre-B cell
TTCAGCACACCGGCTA-1,CD14+ Monocytes
TTCAGCACAGGTTATT-1,CD4 Memory
TTCAGGTAGCTGTCAG-1,CD14+ Monocytes
TTCATTCAGGTCATTA-1,CD14+ Monocytes
TTCCACGGTACCGTAA-1,CD14+ Monocytes
TTCCACGGTTAAATGC-1,CD4 Naive
TTCCACGGTTGAGCCG-1,CD4 Naive
TTCCCACAGCGCCTAA-1,CD8 Naive
TTCCCACAGCTAAAGG-1,NK cell
TTCCCACAGGCGAATA-1,CD14+ Monocytes
TTCCCGCCATTAGGTT-1,pDC
TTCCTCAAGCACAGCC-1,CD4 Naive
TTCCTCAAGTTGGATC-1,CD16+ Monocytes
TTCCTTCTCAGGAAGC-1,CD14+ Monocytes
TTCCTTCTCATTGCGG-1,CD4 Naive
TTCGCAACAACAGCCT-1,CD4 Memory
TTCGGTACACCGGTAT-1,pDC
TTCGGTACACGAACAG-1,CD14+ Monocytes
TTCGGTACACGGTACT-1,CD16+ Monocytes
TTCGGTACAGCAACCT-1,CD8 Naive
TTCGGTACAGTAATAG-1,NK cell
TTCGTGCTCCTGGTGA-1,CD4 Memory
TTCGTGCTCGCAATCG-1,CD14+ Monocytes
TTCGTTAGTCTTGCTG-1,CD8 effector
TTCGTTAGTGCACGCA-1,CD4 Naive
TTCTTAGGTAAAGCAA-1,B cell progenitor
TTCTTAGGTACCGAAC-1,CD14+ Monocytes
TTGACATCAAACCTTG-1,CD4 Naive
TTGACATCAACGTGCT-1,CD16+ Monocytes
TTGACATCATAGCTGC-1,CD8 Naive
TTGACGTAGAACCTAC-1,NK cell
TTGACGTAGCAACAAG-1,NK cell
TTGACGTAGGTTAGAG-1,B cell progenitor
TTGACTAAGTAAAGGT-1,CD16+ Monocytes
TTGACTAAGTTTAACG-1,CD4 Naive
TTGAGGCGTAAATTGC-1,CD14+ Monocytes
TTGATGTCAATTGAAG-1,CD4 Memory
TTGATGTCATTAAGTC-1,CD4 Naive
TTGCAAGGTGGGAACA-1,CD14+ Monocytes
TTGCAAGGTTAAGTGT-1,CD4 Naive
TTGCAAGGTTGGCCGA-1,CD4 Naive
TTGCAATCAGACAAAC-1,CD4 Naive
TTGCAATCATGGCCTG-1,CD8 Naive
TTGCACACACGGTACT-1,CD8 Naive
TTGCAGCCAATTAACC-1,Dendritic cell
TTGCAGCCACGGTACT-1,CD4 Memory
TTGCAGCCAGCTTAAT-1,CD8 Naive
TTGCATTTCGCCTGTT-1,pre-B cell
TTGCGAGTCCCTGTTA-1,CD14+ Monocytes
TTGCGAGTCCGTTAAA-1,CD4 Naive
TTGCGAGTCTGGCAAT-1,CD8 Naive
TTGCGTCTCCGTAAAC-1,CD4 Naive
TTGCTCTCATAAGTCT-1,pre-B cell
TTGCTCTCATTAAAGG-1,CD4 Memory
TTGCTTAGTCCTTTAA-1,CD4 Naive
TTGCTTTAGCTGTACG-1,CD8 effector
TTGGAGGCAGCCAGAA-1,CD8 effector
TTGGATATCAGGTTTA-1,CD14+ Monocytes
TTGGATATCCGTTAAA-1,CD4 Naive
TTGGATCAGCGATAAG-1,NK cell
TTGGATTCAATTAAGG-1,CD14+ Monocytes
TTGGCTGAGCGATACT-1,CD14+ Monocytes
TTGGCTTGTACGTTTC-1,CD8 Naive
TTGGCTTGTGTCCAGG-1,CD4 Memory
TTGGCTTGTGTGTGGT-1,Dendritic cell
TTGGGCCAGCGGCTGT-1,CD4 Memory
TTGGGCCAGTAACGAG-1,CD4 Memory
TTGGGCGGTCCGTGAG-1,CD14+ Monocytes
TTGGGCGGTCTCAGCC-1,CD14+ Monocytes
TTGGGTTAGTCCTGAG-1,NK cell
TTGGGTTAGTTATCTC-1,CD4 Naive
TTGGTGAGTCAAACTG-1,CD4 Memory
TTGTAAGTCGGGACTC-1,CD8 Naive
TTGTAAGTCGGTTTCC-1,CD4 Naive
TTGTCAAAGCGATAGA-1,Dendritic cell
TTGTCAAAGGAACCGG-1,CD8 Naive
TTGTCAAAGTTGGATC-1,CD8 Naive
TTGTCAAAGTTTGGTA-1,CD8 effector
TTGTCCCAGCTCAAAC-1,CD14+ Monocytes
TTGTCCGGTGCATTAG-1,CD14+ Monocytes
TTGTCCGGTTAGGCTA-1,CD14+ Monocytes
TTGTGCCTCATGGTGT-1,CD8 effector
TTGTGTGCACTGGCCA-1,CD4 Memory
TTGTGTGCAGCATGGA-1,CD14+ Monocytes
TTGTTCCCACGAATTT-1,pre-B cell
TTGTTCCCAGCCAGTT-1,CD14+ Monocytes
TTGTTCCCAGGCTTCG-1,CD4 Memory
TTGTTGCGTGTGCAAC-1,CD8 Naive
TTTAACCTCTTGGACG-1,CD14+ Monocytes
TTTAAGGTCATAATCG-1,CD8 Naive
TTTACGAAGACAACAG-1,CD8 Naive
TTTACGAAGCAGGTTT-1,pre-B cell
TTTAGCAAGGTAGCTT-1,CD4 Naive
TTTAGCTTCCACCTTA-1,CD14+ Monocytes
TTTAGGATCGAAGCGG-1,CD14+ Monocytes
TTTATGGAGTTGTCCC-1,CD14+ Monocytes
TTTCACCCACAGCCAT-1,pre-B cell
TTTCACCCAGTAGGTG-1,CD14+ Monocytes
TTTCATCAGCCTGGTA-1,CD8 effector
TTTCCACCACATAACT-1,CD4 Memory
TTTCCGGGTTTAGTCC-1,CD14+ Monocytes
TTTCCTGAGTTGTCCC-1,CD14+ Monocytes
TTTCGTCCAAGACTCC-1,CD14+ Monocytes
TTTCGTCCACAACAAA-1,CD4 Naive
TTTCGTCCAGAGGGAG-1,CD8 Naive
TTTCGTCCATGACTAT-1,CD14+ Monocytes
TTTCGTCCATTCCTGT-1,CD14+ Monocytes
TTTCTCACACTTAGGC-1,Dendritic cell
TTTCTCACATTCCTGT-1,CD4 Memory
TTTCTTGCAGCACGTT-1,CD14+ Monocytes
TTTGACCGTAGTAAGA-1,CD14+ Monocytes
TTTGAGTCAAGGTATA-1,CD4 Naive
TTTGAGTCAGTACCGT-1,CD4 Memory
TTTGCATTCACTCAAA-1,CD14+ Monocytes
TTTGCATTCGTGCCTT-1,CD14+ Monocytes
TTTGCATTCTAAGGTC-1,CD8 Naive
TTTGCGACAATCCTGA-1,CD8 Naive
TTTGCGACATGCATAT-1,CD4 Naive
TTTGCGACATGTCGCG-1,CD8 Naive
TTTGCGGAGCAGGTTT-1,NK cell
TTTGCGGAGCGAAGTA-1,CD14+ Monocytes
TTTGCGGAGGTCGATT-1,CD14+ Monocytes
TTTGGCTGTTTACGTC-1,CD4 Memory
TTTGTGGCATCCGTAA-1,pre-B cell
TTTGTGGCATTAGCCA-1,CD4 Naive
TTTGTGGCATTGCGAC-1,NK cell
TTTGTGTTCCGCCTAT-1,CD4 Naive
TTTGTGTTCCGTGACA-1,NK cell
TTTGTTGGTAGGTTTG-1,B cell progenitor
